session_id,session_duration,pages_visited,domain_switches,category_switches,complexity,engagement,dominant_category
1,258.492123,3,1,0,5,medium,other
2,610.91831,9,0,0,9,medium,other
3,1.0,1,0,0,1,low,shopping
4,1.571508,2,0,0,2,low,other
5,1.0,1,0,0,1,low,other
6,734.36447,27,12,3,57,high,search
7,626.23133,37,21,18,115,high,search
8,97.596344,3,1,0,5,medium,other
9,60.478387,13,5,0,23,high,search
10,8.458568,5,0,0,5,medium,search
11,28.338859,7,2,0,11,medium,search
12,213.502393,3,0,0,3,low,search
13,1054.892049,4,0,0,4,low,other
14,250.630235,24,12,6,60,high,other
15,9.360406,3,2,0,7,medium,other
16,10.830595,8,3,0,14,medium,other
17,17.971201,9,3,0,15,high,other
18,194.096622,4,2,1,10,medium,other
19,55.233783,14,4,4,30,high,learning
20,1.0,1,0,0,1,low,other
21,8.465632,3,0,0,3,low,search
22,31.031382,3,2,0,7,medium,other
23,123.994814,5,0,0,5,medium,other
24,1.0,1,0,0,1,low,other
25,142.666406,4,0,0,4,low,other
26,1.0,1,0,0,1,low,other
27,1.0,1,0,0,1,low,other
28,15.791363,3,2,1,9,medium,other
29,223.767854,3,1,0,5,medium,other
30,35.645368,2,0,0,2,low,search
31,1.0,1,0,0,1,low,search
32,119.159957,6,0,0,6,medium,search
33,1071.43437,11,3,0,17,high,other
34,37.920857,3,2,0,7,medium,other
35,1.0,1,0,0,1,low,search
36,165.36165,5,3,2,15,high,other
37,2947.020593,36,5,5,56,high,other
38,1.0,1,0,0,1,low,other
39,54.904288,7,1,0,9,medium,other
40,72.791466,6,1,0,8,medium,other
41,66.148211,2,0,0,2,low,other
42,740.337724,5,1,1,9,medium,other
43,1.0,1,0,0,1,low,other
44,1.0,1,0,0,1,low,other
45,345.051663,6,0,0,6,medium,other
46,1.0,1,0,0,1,low,shopping
47,1.0,1,0,0,1,low,search
48,1.0,1,0,0,1,low,other
49,1.0,1,0,0,1,low,other
50,1.0,1,0,0,1,low,other
51,1.0,1,0,0,1,low,other
52,1.0,1,0,0,1,low,other
53,46.71454,4,1,1,8,medium,search
54,1.0,1,0,0,1,low,search
55,1.0,1,0,0,1,low,other
56,2.169995,2,0,0,2,low,search
57,1.0,1,0,0,1,low,search
58,6.911374,6,1,1,10,medium,search
59,1715.608492,35,7,0,49,high,search
60,1.0,3,1,1,7,medium,search
61,1.0,1,0,0,1,low,other
62,2348.119522,23,7,2,41,high,search
63,1760.202533,14,7,3,34,high,search
64,17.842192,2,0,0,2,low,search
65,9.49925,8,0,0,8,medium,search
66,1.0,1,0,0,1,low,other
67,1.0,1,0,0,1,low,search
68,1.0,1,0,0,1,low,search
69,204.875296,2,0,0,2,low,search
70,1.0,1,0,0,1,low,search
71,1.0,1,0,0,1,low,other
72,2354.532182,51,17,8,101,high,search
73,3161.458832,61,17,9,113,high,search
74,925.115684,7,5,2,21,high,search
75,139.681278,7,1,1,11,medium,other
76,73.550893,2,0,0,2,low,other
77,1.0,1,0,0,1,low,other
78,3.604349,2,1,1,6,medium,other
79,43.717691,3,2,0,7,medium,other
80,6.790525,3,0,0,3,low,search
81,265.448735,8,2,1,14,medium,search
82,22.319508,4,1,1,8,medium,other
83,748.851908,6,3,1,14,medium,other
84,112.199848,3,0,0,3,low,other
85,1.0,1,0,0,1,low,other
86,146.514484,4,2,0,8,medium,search
87,1.0,1,0,0,1,low,search
88,833.496357,11,2,0,15,high,other
89,488.517435,8,0,0,8,medium,other
90,654.450273,6,4,3,20,high,other
91,4.506744,2,0,0,2,low,search
92,143.799859,5,0,0,5,medium,learning
93,1.0,1,0,0,1,low,other
94,317.374383,3,1,1,7,medium,other
95,1.0,1,0,0,1,low,search
96,1109.614066,7,3,2,17,high,search
97,2260.44683,9,2,1,15,high,search
98,2176.347362,11,0,0,11,medium,search
99,73.349988,4,3,0,10,medium,other
100,207.429685,16,2,2,24,high,search
101,69.813045,4,1,0,6,medium,other
102,73.295929,2,0,0,2,low,other
103,1.0,1,0,0,1,low,other
104,665.432265,7,2,1,13,medium,search
105,47.559676,3,2,0,7,medium,search
106,1.0,1,0,0,1,low,search
107,1.0,1,0,0,1,low,other
108,11.081974,3,1,0,5,medium,search
109,1.805403,3,0,0,3,low,search
110,1.0,1,0,0,1,low,other
111,1.0,1,0,0,1,low,other
112,7.325255,3,2,0,7,medium,other
113,120.350102,4,2,0,8,medium,other
114,242.053078,9,6,4,29,high,other
115,45.373265,3,2,0,7,medium,other
116,138.213076,2,0,0,2,low,search
117,127.628506,6,0,0,6,medium,other
118,154.140181,14,1,1,18,high,search
119,17.571242,2,0,0,2,low,other
120,1.499143,2,0,0,2,low,search
121,314.281855,4,0,0,4,low,search
122,430.235704,7,3,0,13,medium,other
123,828.869081,4,1,0,6,medium,other
124,1.0,1,0,0,1,low,search
125,1.0,1,0,0,1,low,other
126,56.88496,4,3,0,10,medium,other
127,1.0,1,0,0,1,low,other
128,108.509824,7,2,2,15,high,other
129,1.0,1,0,0,1,low,other
130,1.0,1,0,0,1,low,other
131,4.075917,3,1,1,7,medium,search
132,104.063306,15,12,9,57,high,other
133,18.123737,2,0,0,2,low,other
134,42.231543,3,1,0,5,medium,other
135,1.0,1,0,0,1,low,other
136,13.756247,5,2,0,9,medium,other
137,4.472018,2,0,0,2,low,search
138,16.913609,8,0,0,8,medium,search
139,3963.527614,47,1,0,49,high,search
140,1635.333886,13,10,7,47,high,other
141,467.066593,4,2,1,10,medium,search
142,111.649389,5,3,0,11,medium,other
143,1463.672246,26,10,9,64,high,search
144,1101.320658,10,4,2,22,high,search
145,883.611504,14,3,2,24,high,other
146,29.202042,3,2,0,7,medium,other
147,1.0,1,0,0,1,low,search
148,3733.169418,79,46,11,193,high,other
149,1.0,1,0,0,1,low,other
150,84.675681,6,3,0,12,medium,other
151,1.0,2,0,0,2,low,search
152,428.298953,16,11,9,56,high,other
153,33.858254,19,6,5,41,high,work
154,5.786642,2,0,0,2,low,search
155,51.095377,10,1,1,14,medium,search
156,8.17778,3,1,1,7,medium,search
157,470.969392,19,10,3,45,high,other
158,261.393918,8,2,1,14,medium,other
159,1.0,2,0,0,2,low,search
160,560.510217,10,2,2,18,high,search
161,630.906887,13,1,1,17,high,search
162,32.887703,2,0,0,2,low,search
163,1.0,1,0,0,1,low,search
164,403.152716,7,1,1,11,medium,other
165,337.430951,12,1,1,16,high,search
166,1.0,1,0,0,1,low,search
167,2650.30904,60,30,9,138,high,other
168,1.0,1,0,0,1,low,search
169,991.397244,19,7,5,43,high,search
170,208.560965,28,0,0,28,high,search
171,207.519119,2,1,1,6,medium,other
172,45.955478,4,3,1,12,medium,other
173,1516.803623,29,13,4,63,high,other
174,1104.708175,14,7,5,38,high,other
175,639.042695,17,10,8,53,high,search
176,393.070513,13,2,2,21,high,search
177,468.11091,13,6,6,37,high,search
178,1400.590283,16,2,2,24,high,search
179,136.474774,7,0,0,7,medium,other
180,916.508626,33,11,2,59,high,search
181,500.48712,10,5,2,24,high,search
182,10.072585,10,2,0,14,medium,search
183,2564.421877,18,7,2,36,high,other
184,1.0,3,1,1,7,medium,search
185,15.611211,3,1,0,5,medium,other
186,223.010275,4,1,1,8,medium,search
187,25.51314,3,1,0,5,medium,other
188,1.0,1,0,0,1,low,other
189,1.0,1,0,0,1,low,other
190,1.0,2,0,0,2,low,other
191,6.759539,3,0,0,3,low,search
192,3239.055433,30,14,9,76,high,search
193,109.275468,2,1,0,4,low,search
194,91.046238,2,0,0,2,low,search
195,2900.19973,33,10,4,61,high,other
196,53.44248,4,2,2,12,medium,search
197,716.276698,3,1,1,7,medium,search
198,130.289121,4,2,2,12,medium,search
199,1.0,2,0,0,2,low,search
200,4.112404,4,0,0,4,low,other
201,682.650494,5,2,2,13,medium,search
202,19.17823,5,0,0,5,medium,search
203,809.391053,9,0,0,9,medium,search
204,1110.769583,17,5,5,37,high,search
205,189.09573,3,1,1,7,medium,search
206,1.0,1,0,0,1,low,search
207,63.348061,5,2,2,13,medium,search
208,286.616147,2,0,0,2,low,search
209,1.0,2,0,0,2,low,search
210,777.795559,35,19,19,111,high,search
211,163.662587,3,0,0,3,low,search
212,1.0,1,0,0,1,low,other
213,108.478083,5,1,1,9,medium,search
214,36.229408,5,2,2,13,medium,other
215,850.015394,56,42,9,158,high,other
216,971.820992,18,2,2,26,high,search
217,12.345739,4,1,1,8,medium,search
218,1.0,2,0,0,2,low,search
219,1.0,3,1,1,7,medium,search
220,2177.023224,81,29,21,181,high,other
221,1.0,1,0,0,1,low,search
222,211.83976,10,3,3,22,high,search
223,51.624413,7,3,3,19,high,other
224,1.0,2,0,0,2,low,search
225,439.588938,5,1,1,9,medium,search
226,1.0,1,0,0,1,low,other
227,218.219263,12,3,3,24,high,other
228,82.818879,12,4,3,26,high,search
229,296.224819,7,4,4,23,high,search
230,69.365992,5,3,0,11,medium,other
231,1.0,2,0,0,2,low,other
232,2052.374722,27,13,9,71,high,search
233,1.0,3,0,0,3,low,search
234,367.345835,6,5,4,24,high,other
235,911.992996,36,9,7,68,high,search
236,1976.713064,10,4,4,26,high,search
237,32.529854,9,4,3,23,high,search
238,1583.492197,10,6,4,30,high,other
239,2.767991,3,2,2,11,medium,other
240,1.0,1,0,0,1,low,other
241,1.0,2,0,0,2,low,other
242,429.859522,3,2,1,9,medium,other
243,232.900195,4,2,0,8,medium,other
244,5.453967,4,0,0,4,low,search
245,8.522759,4,1,1,8,medium,other
246,2288.581418,49,24,17,131,high,other
247,1.0,1,0,0,1,low,other
248,1.0,2,0,0,2,low,search
249,4125.79451,27,14,8,71,high,other
250,1403.240421,20,2,2,28,high,other
251,1.0,1,0,0,1,low,other
252,1.493689,3,2,2,11,medium,other
253,19.54055,5,2,0,9,medium,other
254,389.372785,8,4,1,18,high,search
255,255.699987,6,0,0,6,medium,search
256,29.116105,3,0,0,3,low,search
257,4111.404483,72,2,0,76,high,search
258,1132.845649,19,0,0,19,high,search
259,2398.39136,47,8,5,73,high,search
260,502.576034,10,2,1,16,high,other
261,274.840135,12,3,3,24,high,other
262,295.525386,6,2,2,14,medium,other
263,255.399976,4,1,1,8,medium,entertainment
264,416.92681,6,2,2,14,medium,entertainment
265,62.942539,2,0,0,2,low,other
266,272.359351,8,0,0,8,medium,search
267,1586.118219,11,2,1,17,high,other
268,1.0,1,0,0,1,low,other
269,4.01333,3,1,0,5,medium,other
270,853.022725,3,2,2,11,medium,other
271,1.0,1,0,0,1,low,other
272,8495.669987,69,13,7,109,high,other
273,462.764617,6,2,2,14,medium,search
274,1.0,3,1,1,7,medium,search
275,876.620603,5,0,0,5,medium,search
276,492.887827,5,2,2,13,medium,search
277,1.0,1,0,0,1,low,other
278,1.0,1,0,0,1,low,other
279,123.608982,3,0,0,3,low,search
280,412.804687,4,2,1,10,medium,other
281,1.0,3,1,1,7,medium,search
282,694.932098,7,3,3,19,high,search
283,78.179514,4,1,1,8,medium,search
284,1.0,3,1,1,7,medium,search
285,338.137928,5,3,2,15,high,search
286,1.017977,3,1,1,7,medium,search
287,100.24882,5,2,2,13,medium,search
288,1.0,1,0,0,1,low,other
289,1.0,2,0,0,2,low,search
290,82.315539,5,2,2,13,medium,search
291,1030.453822,26,10,7,60,high,search
292,244.48642,27,1,1,31,high,entertainment
293,1.0,1,0,0,1,low,entertainment
294,1.0,1,0,0,1,low,entertainment
295,165.254795,7,1,1,11,medium,search
296,275.815837,17,2,2,25,high,search
297,201.28129,5,1,1,9,medium,learning
298,443.113316,8,2,1,14,medium,search
299,161.351814,6,1,1,10,medium,search
300,1.0,2,0,0,2,low,search
301,3883.693777,53,16,10,105,high,search
302,1.0,1,0,0,1,low,search
303,21.452128,3,1,1,7,medium,search
304,128.001423,4,0,0,4,low,learning
305,886.305761,34,14,13,88,high,search
306,149.574829,5,0,0,5,medium,entertainment
307,138.944168,31,8,5,57,high,other
308,1391.809812,15,0,0,15,high,other
309,1159.217917,12,1,0,14,medium,other
310,2808.904316,60,0,0,60,high,other
311,1.0,3,1,1,7,medium,search
312,1.0,1,0,0,1,low,search
313,332.198892,4,1,1,8,medium,search
314,2481.389239,15,8,8,47,high,search
315,804.007443,3,1,1,7,medium,search
316,1.0,1,0,0,1,low,search
317,80.272301,17,6,0,29,high,other
318,5391.297767,126,61,39,326,high,other
319,1.0,3,1,1,7,medium,search
320,1.0,1,0,0,1,low,other
321,3041.252665,90,36,27,216,high,other
322,333.638728,22,12,11,68,high,search
323,2472.637169,58,7,5,82,high,learning
324,1.0,1,0,0,1,low,other
325,2241.635786,31,9,6,61,high,search
326,1.0,1,0,0,1,low,search
327,2915.721937,41,19,12,103,high,other
328,10.615342,9,3,3,21,high,search
329,152.649179,15,4,3,29,high,search
330,489.808977,4,2,1,10,medium,other
331,381.729627,5,2,1,11,medium,other
332,830.560504,20,8,3,42,high,search
333,771.947315,5,2,2,13,medium,search
334,31.744917,7,1,1,11,medium,other
335,59.633803,4,2,2,12,medium,other
336,11.738035,3,1,1,7,medium,search
337,1632.547083,43,11,6,77,high,other
338,11.34698,4,1,1,8,medium,other
339,1.0,2,0,0,2,low,search
340,13.807162,2,1,0,4,low,other
341,26.08942,4,1,1,8,medium,search
342,5.499605,2,1,1,6,medium,other
343,161.202983,8,1,1,12,medium,search
344,2546.768225,84,47,32,242,high,search
345,1203.320106,17,12,12,65,high,search
346,3871.072106,45,23,19,129,high,search
347,148.400593,5,1,1,9,medium,search
348,987.122825,13,3,3,25,high,other
349,22.683676,4,2,1,10,medium,other
350,1.0,1,0,0,1,low,other
351,1.0,1,0,0,1,low,other
352,61.072563,11,7,0,25,high,other
353,354.408821,8,3,3,20,high,search
354,641.688365,27,13,9,71,high,other
355,1.0,1,0,0,1,low,search
356,1.0,1,0,0,1,low,search
357,2450.787453,76,47,32,234,high,other
358,4067.785733,212,31,23,320,high,entertainment
359,31.494589,2,0,0,2,low,entertainment
360,12.413188,2,1,1,6,medium,other
361,843.618633,48,5,4,66,high,search
362,1.0,1,0,0,1,low,other
363,13.11044,5,1,1,9,medium,other
364,1.0,1,0,0,1,low,other
365,149.86615,6,4,1,16,high,search
366,290.64397,9,1,1,13,medium,search
367,2033.702662,22,9,9,58,high,other
368,1093.463136,24,12,7,62,high,other
369,2767.68044,43,12,8,83,high,search
370,1549.93043,21,6,4,41,high,other
371,1010.477819,8,1,1,12,medium,other
372,3706.105199,46,13,9,90,high,search
373,604.389088,9,6,0,21,high,search
374,1.0,3,1,1,7,medium,search
375,3527.175451,39,20,12,103,high,search
376,150.235338,6,4,4,22,high,search
377,1.0,1,0,0,1,low,entertainment
378,1.0,1,0,0,1,low,entertainment
379,3253.771802,105,61,35,297,high,search
380,1.0,2,0,0,2,low,search
381,1.0,1,0,0,1,low,other
382,2220.77937,31,21,12,97,high,search
383,216.586069,7,2,1,13,medium,entertainment
384,5040.67021,25,9,8,59,high,entertainment
385,1584.656296,103,5,5,123,high,entertainment
386,2482.205314,26,22,6,82,high,other
387,1317.249992,43,8,7,73,high,entertainment
388,297.456893,3,1,1,7,medium,entertainment
389,164.386759,8,4,1,18,high,other
390,1963.611995,22,8,5,48,high,search
391,3607.916876,135,21,13,203,high,entertainment
392,914.904985,77,0,0,77,high,entertainment
393,1069.830986,21,12,9,63,high,search
394,1.0,1,0,0,1,low,other
395,2251.966893,21,7,6,47,high,other
396,1192.366333,9,1,1,13,medium,search
397,1.0,1,0,0,1,low,other
398,1.0,1,0,0,1,low,other
399,1.223651,2,0,0,2,low,other
400,3.555119,3,2,2,11,medium,search
401,313.290137,2,0,0,2,low,search
402,325.348604,23,16,13,81,high,search
403,1557.732242,89,39,29,225,high,search
404,1223.701199,13,6,3,31,high,other
405,805.980484,30,8,6,58,high,search
406,586.69271,12,2,2,20,high,search
407,497.946409,6,5,2,20,high,other
408,1363.665078,11,3,0,17,high,search
409,1.0,2,0,0,2,low,other
410,5070.007897,94,44,28,238,high,search
411,361.556062,4,1,1,8,medium,entertainment
412,201.332263,3,2,1,9,medium,other
413,3081.523304,65,19,14,131,high,other
414,1188.090423,7,4,3,21,high,search
415,1.217058,2,0,0,2,low,other
416,4156.699442,83,34,31,213,high,search
417,172.632248,16,8,6,44,high,other
418,1.0,1,0,0,1,low,other
419,659.039557,15,11,5,47,high,other
420,1604.530837,60,30,26,172,high,other
421,3872.862568,210,110,84,598,high,other
422,12.896684,3,1,1,7,medium,other
423,26.548473,4,2,0,8,medium,other
424,1074.20528,8,6,1,22,high,other
425,1284.208503,18,7,4,40,high,other
426,2242.342259,26,16,12,82,high,search
427,6964.515433,105,45,30,255,high,other
428,672.505414,8,4,4,24,high,other
429,149.61153,3,0,0,3,low,other
430,775.20572,5,1,0,7,medium,other
431,1.0,1,0,0,1,low,search
432,7.973668,4,1,1,8,medium,other
433,118.437105,2,0,0,2,low,other
434,1737.509954,40,4,4,56,high,other
435,782.74373,29,15,11,81,high,search
436,37.662114,16,10,8,52,high,search
437,20.623732,7,3,1,15,high,other
438,892.846059,19,4,1,29,high,search
439,478.442701,14,1,0,16,high,search
440,1.0,2,0,0,2,low,search
441,924.479174,30,9,7,62,high,search
442,128.28922,4,2,0,8,medium,other
443,1.0,1,0,0,1,low,other
444,826.284725,41,12,6,77,high,work
445,308.133535,9,2,0,13,medium,work
446,1.0,2,0,0,2,low,search
447,46.173305,7,3,1,15,high,other
448,3592.255854,46,18,11,104,high,search
449,1212.501276,20,4,4,36,high,search
450,869.051875,10,3,2,20,high,search
451,3.817732,2,0,0,2,low,search
452,102.908361,2,0,0,2,low,other
453,895.636977,6,1,1,10,medium,other
454,1.0,1,0,0,1,low,other
455,3782.586023,79,22,11,145,high,other
456,724.514273,36,21,16,110,high,other
457,1.0,2,0,0,2,low,search
458,89.070798,23,14,11,73,high,search
459,1.0,2,0,0,2,low,other
460,1.0,3,2,0,7,medium,other
461,450.807986,13,0,0,13,medium,search
462,20.881157,2,0,0,2,low,other
463,689.888333,61,7,2,79,high,search
464,560.248875,15,9,7,47,high,other
465,450.134298,8,0,0,8,medium,search
466,3135.438701,21,10,8,57,high,search
467,453.698623,4,0,0,4,low,shopping
468,424.697423,9,3,3,21,high,search
469,1.0,2,0,0,2,low,search
470,1867.992504,54,30,19,152,high,search
471,900.05498,15,4,1,25,high,search
472,1149.8164,25,9,8,59,high,search
473,27.615953,11,3,3,23,high,search
474,164.883694,3,1,0,5,medium,other
475,1.0,3,1,1,7,medium,search
476,274.775099,5,1,1,9,medium,entertainment
477,26.028307,2,1,1,6,medium,entertainment
478,49.285504,19,13,10,65,high,search
479,1112.848867,13,5,3,29,high,other
480,1.0,1,0,0,1,low,other
481,1.0,2,0,0,2,low,search
482,49.847476,2,0,0,2,low,learning
483,261.922174,5,2,2,13,medium,learning
484,502.579597,30,12,7,68,high,other
485,197.826397,9,2,2,17,high,entertainment
486,1.421804,2,0,0,2,low,search
487,131.682559,29,14,9,75,high,other
488,1.0,1,0,0,1,low,search
489,2828.736332,40,15,10,90,high,search
490,595.069719,6,3,2,16,high,other
491,845.811672,6,3,1,14,medium,other
492,227.557682,11,2,2,19,high,search
493,1249.536309,11,2,2,19,high,search
494,1.0,1,0,0,1,low,other
495,83.723168,14,4,3,28,high,search
496,207.522633,3,1,0,5,medium,other
497,632.4264,12,4,3,26,high,search
498,233.995861,3,1,1,7,medium,search
499,534.416082,12,7,3,32,high,search
500,280.213723,11,5,3,27,high,other
501,1.0,1,0,0,1,low,other
502,83.283107,8,3,0,14,medium,other
503,390.831929,23,10,5,53,high,search
504,265.351445,4,0,0,4,low,search
505,178.141863,16,7,7,44,high,search
506,29.815638,11,1,1,15,high,search
507,1.0,2,0,0,2,low,search
508,600.376497,16,5,4,34,high,other
509,1.0,1,0,0,1,low,other
510,323.393778,4,0,0,4,low,other
511,1.0,1,0,0,1,low,search
512,117.078192,13,5,5,33,high,search
513,160.351396,4,2,2,12,medium,other
514,1.0,1,0,0,1,low,other
515,3.752422,3,1,1,7,medium,search
516,94.401676,5,1,1,9,medium,other
517,480.764592,5,2,2,13,medium,search
518,8.627193,3,1,1,7,medium,search
519,2581.685232,57,32,19,159,high,search
520,57.74837,25,11,7,61,high,other
521,206.268128,2,1,1,6,medium,other
522,1.0,1,0,0,1,low,other
523,63.579198,4,1,1,8,medium,entertainment
524,79.289314,7,2,2,15,high,entertainment
525,1.0,1,0,0,1,low,search
526,34.499666,3,0,0,3,low,search
527,114.977036,3,1,1,7,medium,search
528,1.0,6,2,0,10,medium,search
529,2.133439,3,1,1,7,medium,other
530,1254.335554,43,11,2,69,high,search
531,1.0,3,0,0,3,low,search
532,7.697996,2,0,0,2,low,search
533,1.0,1,0,0,1,low,other
534,275.895339,9,4,3,23,high,search
535,87.161635,2,1,0,4,low,other
536,1.64519,4,1,1,8,medium,other
537,674.989222,6,1,0,8,medium,other
538,1.0,1,0,0,1,low,search
539,158.962321,2,1,0,4,low,other
540,61.880671,10,0,0,10,medium,other
541,1.0,3,1,1,7,medium,shopping
542,8.860966,3,1,1,7,medium,search
543,21.462615,8,3,3,20,high,other
544,1.848011,6,0,0,6,medium,search
545,994.403864,16,1,1,20,high,other
546,858.214808,111,17,5,155,high,search
547,1.0,2,0,0,2,low,other
548,1.0,2,0,0,2,low,search
549,22.635698,3,2,0,7,medium,other
550,1.0,1,0,0,1,low,other
551,1432.82331,32,3,3,44,high,other
552,988.215665,24,9,6,54,high,search
553,756.589745,4,0,0,4,low,search
554,63.117754,14,6,2,30,high,search
555,107.788591,5,1,1,9,medium,search
556,40.130104,4,2,2,12,medium,other
557,1442.180271,9,5,5,29,high,other
558,1.0,1,0,0,1,low,other
559,197.274209,8,0,0,8,medium,other
560,97.44955,7,2,2,15,high,other
561,20.387106,15,10,9,53,high,search
562,1.0,2,0,0,2,low,other
563,1.0,1,0,0,1,low,other
564,1.0,3,1,1,7,medium,search
565,1.0,1,0,0,1,low,other
566,678.569837,7,4,1,17,high,other
567,54.967403,4,1,1,8,medium,entertainment
568,68.905192,3,1,0,5,medium,other
569,1.0,1,0,0,1,low,other
570,1003.948885,25,7,1,41,high,other
571,116.496341,2,1,1,6,medium,entertainment
572,1808.422279,15,5,5,35,high,other
573,1.0,1,0,0,1,low,search
574,400.824089,2,1,1,6,medium,other
575,544.988978,16,7,7,44,high,other
576,1601.065366,21,14,0,49,high,other
577,906.51952,4,2,1,10,medium,other
578,215.400794,3,2,0,7,medium,other
579,1.0,3,1,1,7,medium,search
580,499.100597,14,6,2,30,high,search
581,828.565997,31,9,4,57,high,search
582,125.005716,2,0,0,2,low,other
583,1.0,1,0,0,1,low,other
584,364.022569,11,6,3,29,high,other
585,654.893487,23,10,8,59,high,search
586,335.553263,13,6,5,35,high,search
587,894.922092,9,2,2,17,high,search
588,1675.049459,28,12,9,70,high,search
589,733.414495,13,0,0,13,medium,search
590,11.815147,6,4,1,16,high,other
591,14.850757,4,1,1,8,medium,other
592,1.0,2,0,0,2,low,other
593,54.450274,3,1,1,7,medium,search
594,19.166599,2,1,1,6,medium,other
595,666.73447,26,15,8,72,high,search
596,1426.488678,20,16,13,78,high,search
597,157.131303,11,5,5,31,high,search
598,3277.9079,57,14,11,107,high,other
599,2039.409479,35,13,12,85,high,other
600,1564.593494,32,8,2,52,high,search
601,933.141319,18,2,2,26,high,search
602,540.65749,31,1,1,35,high,search
603,1.0,1,0,0,1,low,search
604,50.450035,9,2,1,15,high,search
605,1.0,1,0,0,1,low,search
606,1.0,4,3,2,14,medium,other
607,1.0,1,0,0,1,low,other
608,1239.67816,27,12,9,69,high,search
609,1347.059595,10,5,3,26,high,other
610,656.624904,4,1,0,6,medium,search
611,2283.213738,45,19,12,107,high,other
612,142.527432,6,2,0,10,medium,other
613,57.968604,7,0,0,7,medium,search
614,952.052271,18,5,5,38,high,other
615,410.749351,12,3,0,18,high,other
616,1383.88519,34,15,7,78,high,search
617,51.737665,3,0,0,3,low,search
618,1541.457881,62,16,11,116,high,search
619,502.928376,13,1,1,17,high,search
620,1.0,1,0,0,1,low,search
621,88.673304,10,1,1,14,medium,entertainment
622,1558.711193,14,5,5,34,high,search
623,60.614075,6,2,1,12,medium,other
624,1306.513283,36,18,14,100,high,search
625,225.029153,23,10,7,57,high,search
626,881.690322,34,2,2,42,high,search
627,191.464278,9,5,5,29,high,other
628,9.45322,3,1,1,7,medium,search
629,1.0,3,1,1,7,medium,search
630,196.78525,7,2,2,15,high,search
631,1.0,1,0,0,1,low,other
632,1.0,1,0,0,1,low,other
633,328.083014,25,8,8,57,high,search
634,1.0,2,0,0,2,low,shopping
635,80.286272,2,0,0,2,low,search
636,399.381585,5,2,1,11,medium,other
637,111.930836,5,4,2,17,high,other
638,1990.41552,29,0,0,29,high,other
639,1.0,1,0,0,1,low,other
640,25.156649,4,2,2,12,medium,other
641,13.916382,2,0,0,2,low,search
642,706.150667,6,1,1,10,medium,learning
643,1.0,1,0,0,1,low,other
644,2164.071821,8,1,1,12,medium,other
645,1.0,3,1,1,7,medium,search
646,1206.726554,15,3,3,27,high,learning
647,482.037228,7,3,3,19,high,search
648,1401.896006,54,28,19,148,high,search
649,1.0,1,0,0,1,low,search
650,833.301715,2,0,0,2,low,search
651,1782.797834,26,11,7,62,high,other
652,933.261655,21,4,3,35,high,other
653,1.0,1,0,0,1,low,other
654,1.0,1,0,0,1,low,other
655,1.0,1,0,0,1,low,other
656,52.653517,3,1,1,7,medium,other
657,1007.436567,6,3,2,16,high,other
658,206.175334,9,5,3,25,high,search
659,39.754825,12,6,2,28,high,search
660,118.421333,12,3,2,22,high,search
661,1.0,2,1,1,6,medium,entertainment
662,506.978559,11,1,1,15,high,search
663,1.0,2,0,0,2,low,search
664,120.709209,5,0,0,5,medium,search
665,1545.130534,40,20,16,112,high,search
666,490.146697,13,6,2,29,high,other
667,962.095261,24,16,9,74,high,learning
668,12.066714,2,1,1,6,medium,learning
669,1.0,1,0,0,1,low,search
670,1215.430493,9,4,2,21,high,other
671,867.971857,2,0,0,2,low,other
672,544.568941,2,0,0,2,low,other
673,34.040689,2,0,0,2,low,other
674,1.0,1,0,0,1,low,other
675,60.308251,5,3,2,15,high,search
676,319.496849,5,1,1,9,medium,search
677,81.330253,4,0,0,4,low,search
678,765.922334,8,6,0,20,high,search
679,2.5328,3,0,0,3,low,search
680,1.0,1,0,0,1,low,other
681,17.230254,5,1,1,9,medium,search
682,1.0,1,0,0,1,low,search
683,5.463986,4,0,0,4,low,search
684,405.956571,7,3,2,17,high,other
685,1113.760635,53,26,12,129,high,search
686,621.826878,23,9,9,59,high,search
687,2091.357021,20,6,5,42,high,learning
688,1421.582951,127,35,25,247,high,entertainment
689,1.0,1,0,0,1,low,other
690,1.0,1,0,0,1,low,other
691,8877.120618,401,204,81,971,high,shopping
692,1.0,1,0,0,1,low,other
693,95.232834,2,0,0,2,low,other
694,1.0,1,0,0,1,low,other
