session_id,session_length,pages_visited,unique_domains,domain_switches,category_switches,session_complexity,avg_ram,peak_ram,avg_cpu,ram_per_page,ram_per_domain,ram_per_switch,session_intensity,efficiency_score,ram_efficiency,high_ram_usage
329,987.122825,13,4,4,4,15,6982.070000000001,6982.07,42.8,537.0823076923077,1745.5175000000002,1396.4140000000002,21,0.015195677397085819,0.0021483600135776353,True
157,393.070513,13,2,3,2,15,6982.070000000001,6982.07,42.8,537.0823076923077,3491.0350000000003,1745.5175000000002,18,0.03816109197689932,0.0021483600135776353,True
124,1463.672246,26,7,13,10,28,6982.070000000001,6982.07,42.8,268.54115384615386,997.4385714285715,498.7192857142858,49,0.019129965794268396,0.0040102720253449185,True
121,1635.333886,13,7,11,3,15,6982.070000000001,6982.07,42.8,537.0823076923077,997.4385714285715,581.8391666666668,27,0.009172438808009878,0.0021483600135776353,True
158,468.11091,13,4,6,4,15,6982.070000000001,6982.07,42.8,537.0823076923077,1745.5175000000002,997.4385714285715,23,0.032043688108016964,0.0021483600135776353,True
272,1030.453822,26,8,11,12,28,6982.070000000001,6982.07,42.8,268.54115384615386,872.7587500000001,581.8391666666668,49,0.02717249371316321,0.0040102720253449185,True
142,630.906887,13,2,1,3,14,6982.070000000001,6982.07,42.8,537.0823076923077,3491.0350000000003,3491.0350000000003,17,0.022190279244803997,0.0020051360126724592,True
129,3733.169418,79,27,46,21,81,6982.070000000001,6982.07,42.8,88.38063291139241,258.5951851851852,148.55468085106384,146,0.02169738121432345,0.01160114407331923,True
318,1632.547083,43,7,12,4,45,6982.070000000001,6982.07,42.8,162.37372093023257,997.4385714285715,537.0823076923077,59,0.02756428924384045,0.0064450800407329055,True
672,817.300356,43,15,23,14,45,6982.070000000001,6982.07,42.8,162.37372093023257,465.47133333333335,290.9195833333334,80,0.05505931775221202,0.0064450800407329055,True
367,2482.205314,26,4,7,2,28,6982.070000000001,6982.07,42.8,268.54115384615386,1745.5175000000002,872.7587500000001,35,0.011280291699512493,0.0040102720253449185,True
368,1317.249992,43,3,9,3,45,6982.070000000001,6982.07,42.8,162.37372093023257,2327.356666666667,698.2070000000001,55,0.03416208029857403,0.0064450800407329055,True
373,914.904985,77,1,1,1,79,6982.070000000001,6982.07,42.8,90.67623376623378,6982.070000000001,3491.0350000000003,79,0.08634776429816916,0.011314696071508878,True
350,2767.68044,43,6,13,7,45,6982.070000000001,6982.07,42.8,162.37372093023257,1163.6783333333335,498.7192857142858,63,0.016259102514017115,0.0064450800407329055,True
384,1223.701199,13,5,8,6,15,6982.070000000001,6982.07,42.8,537.0823076923077,1396.4140000000002,775.7855555555557,27,0.012257894339122895,0.0021483600135776353,True
406,2242.342259,26,8,16,10,28,6982.070000000001,6982.07,42.8,268.54115384615386,872.7587500000001,410.71000000000004,52,0.012486943011316632,0.0040102720253449185,True
435,3782.586023,79,12,26,17,81,6982.070000000001,6982.07,42.8,88.38063291139241,581.8391666666668,258.5951851851852,122,0.02141392145677053,0.01160114407331923,True
441,450.807986,13,1,1,0,14,6982.070000000001,6982.07,42.8,537.0823076923077,6982.070000000001,3491.0350000000003,14,0.031055350470211057,0.0020051360126724592,True
459,1112.848867,13,5,6,2,15,6982.070000000001,6982.07,42.8,537.0823076923077,1396.4140000000002,997.4385714285715,21,0.01347891923584984,0.0021483600135776353,True
646,490.146697,13,4,7,6,15,6982.070000000001,6982.07,42.8,537.0823076923077,1745.5175000000002,872.7587500000001,26,0.03060308289703725,0.0021483600135776353,True
631,1782.797834,26,7,12,5,28,6982.070000000001,6982.07,42.8,268.54115384615386,997.4385714285715,537.0823076923077,43,0.01570565067222311,0.0040102720253449185,True
492,117.078192,13,4,6,5,15,6982.070000000001,6982.07,42.8,537.0823076923077,1745.5175000000002,997.4385714285715,24,0.1281195049544325,0.0021483600135776353,True
510,1254.335554,43,6,12,2,45,6982.070000000001,6982.07,42.8,162.37372093023257,1163.6783333333335,537.0823076923077,57,0.03587556763140272,0.0064450800407329055,True
526,858.214808,111,9,18,8,113,6982.070000000001,6982.07,42.79999999999999,62.90153153153154,775.7855555555557,367.4773684210527,137,0.131668667269139,0.01618431210228485,True
575,666.73447,26,8,12,2,28,6982.070000000001,6982.07,42.8,268.54115384615386,872.7587500000001,537.0823076923077,40,0.04199572882439991,0.0040102720253449185,True
569,733.414495,13,1,1,0,14,6982.070000000001,6982.07,42.8,537.0823076923077,6982.070000000001,3491.0350000000003,14,0.019088796438363274,0.0020051360126724592,True
599,502.928376,13,2,2,0,14,6982.070000000001,6982.07,42.8,537.0823076923077,3491.0350000000003,2327.356666666667,15,0.027836965794906746,0.0020051360126724592,True
664,1106.164529,52,12,24,15,54,6982.070000000001,6982.07,42.8,134.27057692307693,581.8391666666668,279.2828,91,0.048817331042803676,0.007734096048879487,True
13,119.159957,6,1,0,0,6,6982.07,6982.07,42.79999999999999,1163.6783333333333,6982.07,6982.07,6,0.05035248544106138,0.0008593440054310541,True
15,37.920857,3,2,3,0,4,6982.07,6982.07,42.79999999999999,2327.3566666666666,3491.035,1745.5175,6,0.10548284813288898,0.0005728960036207027,True
16,1.0,1,1,1,0,2,6982.07,6982.07,42.8,6982.07,6982.07,3491.035,2,2.0,0.00028644800181035137,True
17,165.36165,5,3,4,0,6,6982.07,6982.07,42.8,1396.414,2327.3566666666666,1396.414,9,0.036284108195582226,0.0008593440054310541,True
18,2947.020593,36,2,6,0,37,6982.07,6982.07,42.8,193.9463888888889,3491.035,997.4385714285714,42,0.012555053089172628,0.0052992880334915005,True
19,1.0,1,1,1,0,2,6982.07,6982.07,42.8,6982.07,6982.07,3491.035,2,2.0,0.00028644800181035137,True
20,54.904288,7,2,2,0,8,6982.07,6982.07,42.8,997.4385714285714,3491.035,2327.3566666666666,9,0.14570810935568457,0.0011457920072414055,True
21,72.791466,6,2,1,0,7,6982.07,6982.07,42.79999999999999,1163.6783333333333,3491.035,3491.035,7,0.0961651191363559,0.0010025680063362298,True
22,66.148211,2,1,1,0,3,6982.07,6982.07,42.8,3491.035,6982.07,3491.035,3,0.04535270046834675,0.00042967200271552705,True
680,343.220201,19,1,1,4,21,6982.07,6982.07,42.8,367.47736842105263,6982.07,3491.035,24,0.06118520978315027,0.0030077040190086895,True
45,17.842192,2,1,1,0,3,6982.07,6982.07,42.8,3491.035,6982.07,3491.035,3,0.16814077552802928,0.00042967200271552705,True
46,9.49925,8,1,1,0,9,6982.07,6982.07,42.8,872.75875,6982.07,3491.035,9,0.9474432192015159,0.0012890160081465813,True
47,1.0,1,1,1,0,2,6982.07,6982.07,42.8,6982.07,6982.07,3491.035,2,2.0,0.00028644800181035137,True
48,1.0,1,1,1,0,2,6982.07,6982.07,42.8,6982.07,6982.07,3491.035,2,2.0,0.00028644800181035137,True
49,1.0,1,1,0,0,1,6982.07,6982.07,42.8,6982.07,6982.07,6982.07,1,1.0,0.00014322400090517568,True
50,204.875296,2,1,1,0,3,6982.07,6982.07,42.8,3491.035,6982.07,3491.035,3,0.01464305388971836,0.00042967200271552705,True
51,1.0,1,1,0,0,1,6982.07,6982.07,42.8,6982.07,6982.07,6982.07,1,1.0,0.00014322400090517568,True
52,1.0,1,1,1,0,2,6982.07,6982.07,42.8,6982.07,6982.07,3491.035,2,2.0,0.00028644800181035137,True
53,2354.532182,51,7,18,9,53,6982.07,6982.07,42.8,136.90333333333334,997.4385714285714,367.47736842105263,78,0.022509779397018242,0.007590872047974311,True
54,3161.458832,61,9,17,5,63,6982.07,6982.07,42.8,114.46016393442622,775.7855555555556,387.8927777777778,83,0.019927509212620362,0.00902311205702607,True
23,740.337724,5,2,2,0,6,6982.07,6982.07,42.8,1396.414,3491.035,2327.3566666666666,7,0.008104409387086698,0.0008593440054310541,True
24,1.0,1,1,0,0,1,6982.07,6982.07,42.8,6982.07,6982.07,6982.07,1,1.0,0.00014322400090517568,True
25,1.0,1,1,1,0,2,6982.07,6982.07,42.8,6982.07,6982.07,3491.035,2,2.0,0.00028644800181035137,True
26,345.051663,6,1,0,0,6,6982.07,6982.07,42.79999999999999,1163.6783333333333,6982.07,6982.07,6,0.017388700427738556,0.0008593440054310541,True
27,1.0,1,1,1,1,3,6982.07,6982.07,42.8,6982.07,6982.07,3491.035,3,3.0,0.00042967200271552705,True
28,1.0,1,1,1,1,3,6982.07,6982.07,42.8,6982.07,6982.07,3491.035,3,3.0,0.00042967200271552705,True
60,43.717691,3,2,3,0,4,6982.07,6982.07,42.79999999999999,2327.3566666666666,3491.035,1745.5175,6,0.09149614054411062,0.0005728960036207027,True
61,6.790525,3,1,1,0,4,6982.07,6982.07,42.79999999999999,2327.3566666666666,6982.07,3491.035,4,0.5890560744566878,0.0005728960036207027,True
62,265.448735,8,3,3,0,9,6982.07,6982.07,42.8,872.75875,2327.3566666666666,1745.5175,11,0.03390485172212254,0.0012890160081465813,True
63,22.319508,4,2,2,0,5,6982.07,6982.07,42.8,1745.5175,3491.035,2327.3566666666666,6,0.22401927497684987,0.0007161200045258785,True
64,748.851908,6,3,4,0,7,6982.07,6982.07,42.79999999999999,1163.6783333333333,2327.3566666666666,1396.414,10,0.009347642604924765,0.0010025680063362298,True
65,112.199848,3,1,1,0,4,6982.07,6982.07,42.79999999999999,2327.3566666666666,6982.07,3491.035,4,0.035650672182728806,0.0005728960036207027,True
66,1.0,1,1,1,0,2,6982.07,6982.07,42.8,6982.07,6982.07,3491.035,2,2.0,0.00028644800181035137,True
67,146.514484,4,3,3,0,5,6982.07,6982.07,42.8,1745.5175,2327.3566666666666,1745.5175,7,0.03412631886960746,0.0007161200045258785,True
68,1.0,1,1,0,0,1,6982.07,6982.07,42.8,6982.07,6982.07,6982.07,1,1.0,0.00014322400090517568,True
70,488.517435,8,1,0,0,8,6982.07,6982.07,42.8,872.75875,6982.07,6982.07,8,0.016376078778027648,0.0011457920072414055,True
39,6.911374,6,2,2,1,8,6982.07,6982.07,42.79999999999999,1163.6783333333333,3491.035,2327.3566666666666,9,1.1575122399684925,0.0011457920072414055,True
40,1715.608492,35,4,8,0,36,6982.07,6982.07,42.8,199.48771428571428,1745.5175,775.7855555555556,43,0.020983808466716308,0.005156064032586325,True
41,1.0,3,2,2,1,5,6982.07,6982.07,42.79999999999999,2327.3566666666666,3491.035,2327.3566666666666,6,5.0,0.0007161200045258785,True
42,1.0,1,1,1,1,3,6982.07,6982.07,42.8,6982.07,6982.07,3491.035,3,3.0,0.00042967200271552705,True
43,2348.119522,23,6,8,0,24,6982.07,6982.07,42.8,303.5682608695652,1163.6783333333333,775.7855555555556,31,0.010220944792264285,0.0034373760217242164,True
44,1760.202533,14,6,8,0,15,6982.07,6982.07,42.8,498.7192857142857,1163.6783333333333,775.7855555555556,22,0.008521746627892167,0.0021483600135776353,True
75,317.374383,3,2,1,0,4,6982.07,6982.07,42.79999999999999,2327.3566666666666,3491.035,3491.035,4,0.012603411662244964,0.0005728960036207027,True
76,1.0,1,1,0,0,1,6982.07,6982.07,42.8,6982.07,6982.07,6982.07,1,1.0,0.00014322400090517568,True
77,1109.614066,7,3,4,2,8,6982.07,6982.07,42.8,997.4385714285714,2327.3566666666666,1396.414,13,0.00720971394030616,0.0011457920072414055,True
78,2260.44683,9,3,3,0,10,6982.07,6982.07,42.8,775.7855555555556,2327.3566666666666,1745.5175,12,0.004423904100411865,0.001432240009051757,True
80,73.349988,4,3,4,1,6,6982.07,6982.07,42.8,1745.5175,2327.3566666666666,1396.414,9,0.08179960438439336,0.0008593440054310541,True
81,207.429685,16,2,3,0,17,6982.07,6982.07,42.8,436.379375,3491.035,1745.5175,19,0.08195548289050335,0.0024348080153879866,True
82,69.813045,4,2,2,0,5,6982.07,6982.07,42.8,1745.5175,3491.035,2327.3566666666666,6,0.07161985270804332,0.0007161200045258785,True
83,73.295929,2,1,1,0,3,6982.07,6982.07,42.8,3491.035,6982.07,3491.035,3,0.0409299676111616,0.00042967200271552705,True
84,1.0,1,1,1,0,2,6982.07,6982.07,42.8,6982.07,6982.07,3491.035,2,2.0,0.00028644800181035137,True
85,665.432265,7,3,3,0,8,6982.07,6982.07,42.8,997.4385714285714,2327.3566666666666,1745.5175,10,0.012022260447500242,0.0011457920072414055,True
86,47.559676,3,2,3,0,4,6982.07,6982.07,42.79999999999999,2327.3566666666666,3491.035,1745.5175,6,0.08410486227870853,0.0005728960036207027,True
55,925.115684,7,5,6,2,9,6982.07,6982.07,42.8,997.4385714285714,1396.414,997.4385714285714,15,0.009728513045077722,0.0012890160081465813,True
56,139.681278,7,2,2,0,8,6982.07,6982.07,42.8,997.4385714285714,3491.035,2327.3566666666666,9,0.05727324459330906,0.0011457920072414055,True
57,73.550893,2,1,1,0,3,6982.07,6982.07,42.8,3491.035,6982.07,3491.035,3,0.04078808397336522,0.00042967200271552705,True
58,1.0,1,1,1,0,2,6982.07,6982.07,42.8,6982.07,6982.07,3491.035,2,2.0,0.00028644800181035137,True
59,3.604349,2,2,2,2,4,6982.07,6982.07,42.8,3491.035,3491.035,2327.3566666666666,6,1.1097704467575142,0.0005728960036207027,True
91,1.0,1,1,1,0,2,6982.07,6982.07,42.8,6982.07,6982.07,3491.035,2,2.0,0.00028644800181035137,True
92,1.0,1,1,1,0,2,6982.07,6982.07,42.8,6982.07,6982.07,3491.035,2,2.0,0.00028644800181035137,True
93,7.325255,3,3,2,1,5,6982.07,6982.07,42.79999999999999,2327.3566666666666,2327.3566666666666,2327.3566666666666,6,0.6825700948294633,0.0007161200045258785,True
94,120.350102,4,2,3,1,6,6982.07,6982.07,42.8,1745.5175,3491.035,1745.5175,8,0.049854548523772746,0.0008593440054310541,True
95,1.0,1,1,1,1,3,6982.07,6982.07,42.8,6982.07,6982.07,3491.035,3,3.0,0.00042967200271552705,True
96,45.373265,3,2,3,1,5,6982.07,6982.07,42.79999999999999,2327.3566666666666,3491.035,1745.5175,7,0.11019705106079537,0.0007161200045258785,True
97,138.213076,2,1,1,0,3,6982.07,6982.07,42.8,3491.035,6982.07,3491.035,3,0.02170561633401459,0.00042967200271552705,True
98,127.628506,6,1,1,1,8,6982.07,6982.07,42.79999999999999,1163.6783333333333,6982.07,3491.035,8,0.0626819215450191,0.0011457920072414055,True
99,154.140181,14,2,2,1,16,6982.07,6982.07,42.8,498.7192857142857,3491.035,2327.3566666666666,17,0.10380161678933021,0.002291584014482811,True
100,17.571242,2,1,1,1,4,6982.07,6982.07,42.8,3491.035,6982.07,3491.035,4,0.22764469352820932,0.0005728960036207027,True
101,1.499143,2,1,1,0,3,6982.07,6982.07,42.8,3491.035,6982.07,3491.035,3,2.0011433198834268,0.00042967200271552705,True
102,314.281855,4,1,0,0,4,6982.07,6982.07,42.8,1745.5175,6982.07,6982.07,4,0.012727429014315828,0.0005728960036207027,True
71,654.450273,6,3,5,0,7,6982.07,6982.07,42.79999999999999,1163.6783333333333,2327.3566666666666,1163.6783333333333,11,0.010695999816627779,0.0010025680063362298,True
72,4.506744,2,1,1,0,3,6982.07,6982.07,42.8,3491.035,6982.07,3491.035,3,0.6656690506494267,0.00042967200271552705,True
73,143.799859,5,1,1,1,7,6982.07,6982.07,42.8,1396.414,6982.07,3491.035,7,0.048678768175982705,0.0010025680063362298,True
74,1.0,1,1,1,1,3,6982.07,6982.07,42.8,6982.07,6982.07,3491.035,3,3.0,0.00042967200271552705,True
106,1.0,1,1,1,0,2,6982.07,6982.07,42.8,6982.07,6982.07,3491.035,2,2.0,0.00028644800181035137,True
107,56.88496,4,3,4,0,5,6982.07,6982.07,42.8,1745.5175,2327.3566666666666,1396.414,8,0.08789669536552368,0.0007161200045258785,True
108,1.0,1,1,0,0,1,6982.07,6982.07,42.8,6982.07,6982.07,6982.07,1,1.0,0.00014322400090517568,True
109,108.509824,7,3,3,2,9,6982.07,6982.07,42.8,997.4385714285714,2327.3566666666666,1745.5175,12,0.08294179889186808,0.0012890160081465813,True
110,1.0,1,1,1,1,3,6982.07,6982.07,42.8,6982.07,6982.07,3491.035,3,3.0,0.00042967200271552705,True
111,1.0,1,1,1,1,3,6982.07,6982.07,42.8,6982.07,6982.07,3491.035,3,3.0,0.00042967200271552705,True
112,4.075917,3,2,2,1,5,6982.07,6982.07,42.79999999999999,2327.3566666666666,3491.035,2327.3566666666666,6,1.2267178158927183,0.0007161200045258785,True
114,18.123737,2,1,0,0,2,6982.07,6982.07,42.8,3491.035,6982.07,6982.07,2,0.1103525172540299,0.00028644800181035137,True
115,42.231543,3,2,2,0,4,6982.07,6982.07,42.79999999999999,2327.3566666666666,3491.035,2327.3566666666666,5,0.09471593306453424,0.0005728960036207027,True
116,1.0,1,1,1,0,2,6982.07,6982.07,42.8,6982.07,6982.07,3491.035,2,2.0,0.00028644800181035137,True
117,13.756247,5,2,2,0,6,6982.07,6982.07,42.8,1396.414,3491.035,2327.3566666666666,7,0.43616547449315207,0.0008593440054310541,True
118,4.472018,2,1,1,0,3,6982.07,6982.07,42.8,3491.035,6982.07,3491.035,3,0.6708380869665551,0.00042967200271552705,True
87,1.0,1,1,0,1,2,6982.07,6982.07,42.8,6982.07,6982.07,6982.07,2,2.0,0.00028644800181035137,True
88,1.0,1,1,1,1,3,6982.07,6982.07,42.8,6982.07,6982.07,3491.035,3,3.0,0.00042967200271552705,True
89,11.081974,3,2,2,1,5,6982.07,6982.07,42.79999999999999,2327.3566666666666,3491.035,2327.3566666666666,6,0.4511831556363514,0.0007161200045258785,True
90,1.805403,3,1,1,0,4,6982.07,6982.07,42.79999999999999,2327.3566666666666,6982.07,3491.035,4,2.2155718141600516,0.0005728960036207027,True
122,467.066593,4,3,3,1,6,6982.07,6982.07,42.8,1745.5175,2327.3566666666666,1745.5175,8,0.012846133913071364,0.0008593440054310541,True
123,111.649389,5,3,4,0,6,6982.07,6982.07,42.8,1396.414,2327.3566666666666,1396.414,9,0.0537396581722449,0.0008593440054310541,True
125,1101.320658,10,5,4,2,12,6982.07,6982.07,42.8,698.207,1396.414,1396.414,16,0.01089600918027999,0.0017186880108621082,True
126,883.611504,14,4,4,1,16,6982.07,6982.07,42.8,498.7192857142857,1745.5175,1396.414,19,0.018107505309256363,0.002291584014482811,True
127,29.202042,3,2,3,1,5,6982.07,6982.07,42.79999999999999,2327.3566666666666,3491.035,1745.5175,7,0.17122090297657952,0.0007161200045258785,True
128,1.0,1,1,1,0,2,6982.07,6982.07,42.8,6982.07,6982.07,3491.035,2,2.0,0.00028644800181035137,True
130,1.0,1,1,1,0,2,6982.07,6982.07,42.8,6982.07,6982.07,3491.035,2,2.0,0.00028644800181035137,True
131,84.675681,6,3,4,0,7,6982.07,6982.07,42.79999999999999,1163.6783333333333,2327.3566666666666,1396.414,10,0.08266836377731641,0.0010025680063362298,True
132,1.0,2,1,1,1,3,6982.07,6982.07,42.8,3491.035,6982.07,3491.035,4,3.0,0.00042967200271552705,True
133,428.298953,16,8,11,1,17,6982.07,6982.07,42.8,436.379375,872.75875,581.8391666666666,28,0.039691901838480564,0.0024348080153879866,True
134,33.858254,19,6,7,0,20,6982.07,6982.07,42.8,367.47736842105263,1163.6783333333333,872.75875,26,0.5906979137199455,0.002864480018103514,True
103,430.235704,7,3,4,0,8,6982.07,6982.07,42.8,997.4385714285714,2327.3566666666666,1396.414,11,0.01859445863191308,0.0011457920072414055,True
104,828.869081,4,2,2,0,5,6982.07,6982.07,42.8,1745.5175,3491.035,2327.3566666666666,6,0.006032315735517223,0.0007161200045258785,True
105,1.0,1,1,1,0,2,6982.07,6982.07,42.8,6982.07,6982.07,3491.035,2,2.0,0.00028644800181035137,True
137,8.17778,3,2,2,1,5,6982.07,6982.07,42.79999999999999,2327.3566666666666,3491.035,2327.3566666666666,6,0.6114128773334572,0.0007161200045258785,True
138,470.969392,19,6,10,7,21,6982.07,6982.07,42.8,367.47736842105263,1163.6783333333333,634.7336363636364,36,0.044588884875983614,0.0030077040190086895,True
139,261.393918,8,3,3,0,9,6982.07,6982.07,42.8,872.75875,2327.3566666666666,1745.5175,11,0.03443079345097846,0.0012890160081465813,True
140,1.0,2,1,1,0,3,6982.07,6982.07,42.8,3491.035,6982.07,3491.035,3,3.0,0.00042967200271552705,True
141,560.510217,10,2,3,3,12,6982.07,6982.07,42.8,698.207,3491.035,1745.5175,16,0.021409065590681283,0.0017186880108621082,True
143,32.887703,2,1,1,0,3,6982.07,6982.07,42.8,3491.035,6982.07,3491.035,3,0.09121950535736716,0.00042967200271552705,True
144,1.0,1,1,1,0,2,6982.07,6982.07,42.8,6982.07,6982.07,3491.035,2,2.0,0.00028644800181035137,True
145,403.152716,7,2,1,0,8,6982.07,6982.07,42.8,997.4385714285714,3491.035,3491.035,8,0.019843596936104976,0.0011457920072414055,True
146,337.430951,12,2,1,0,13,6982.07,6982.07,42.79999999999999,581.8391666666666,3491.035,3491.035,13,0.03852640062055244,0.001861912011767284,True
147,1.0,1,1,1,0,2,6982.07,6982.07,42.8,6982.07,6982.07,3491.035,2,2.0,0.00028644800181035137,True
149,1.0,1,1,1,0,2,6982.07,6982.07,42.8,6982.07,6982.07,3491.035,2,2.0,0.00028644800181035137,True
150,991.397244,19,5,8,3,21,6982.07,6982.07,42.8,367.47736842105263,1396.414,775.7855555555556,30,0.02118222551766545,0.0030077040190086895,True
119,16.913609,8,1,1,0,9,6982.07,6982.07,42.8,872.75875,6982.07,3491.035,9,0.5321158837241655,0.0012890160081465813,True
120,3963.527614,47,2,2,0,48,6982.07,6982.07,42.8,148.55468085106384,3491.035,2327.3566666666666,49,0.012110424014823073,0.006874752043448433,True
153,45.955478,4,4,4,0,5,6982.07,6982.07,42.8,1745.5175,1745.5175,1396.414,8,0.10880095730915909,0.0007161200045258785,True
154,1516.803623,29,10,14,7,31,6982.07,6982.07,42.8,240.76103448275862,698.207,465.4713333333333,50,0.020437714895938115,0.004439944028060447,True
155,1104.708175,14,4,8,4,16,6982.07,6982.07,42.8,498.7192857142857,1745.5175,775.7855555555556,26,0.014483463019543601,0.002291584014482811,True
156,639.042695,17,5,12,3,19,6982.07,6982.07,42.8,410.71,1396.414,537.0823076923077,32,0.029731972759660448,0.0027212560171983383,True
159,1400.590283,16,2,2,0,17,6982.07,6982.07,42.8,436.379375,3491.035,2327.3566666666666,18,0.01213773949908233,0.0024348080153879866,True
160,136.474774,7,1,1,0,8,6982.07,6982.07,42.8,997.4385714285714,6982.07,3491.035,8,0.05861889172280293,0.0011457920072414055,True
161,916.508626,33,5,13,2,35,6982.07,6982.07,42.8,211.57787878787877,1396.414,498.7192857142857,48,0.03818840216785913,0.005012840031681149,True
162,500.48712,10,4,3,2,12,6982.07,6982.07,42.8,698.207,1745.5175,1745.5175,15,0.023976640997274815,0.0017186880108621082,True
163,10.072585,10,2,5,0,11,6982.07,6982.07,42.8,698.207,3491.035,1163.6783333333333,15,1.0920731867738023,0.0015754640099569326,True
164,2564.421877,18,6,8,0,19,6982.07,6982.07,42.8,387.8927777777778,1163.6783333333333,775.7855555555556,26,0.007409077332559349,0.0027212560171983383,True
165,1.0,3,2,2,2,5,6982.07,6982.07,42.79999999999999,2327.3566666666666,3491.035,2327.3566666666666,7,5.0,0.0007161200045258785,True
166,15.611211,3,2,2,0,4,6982.07,6982.07,42.79999999999999,2327.3566666666666,3491.035,2327.3566666666666,5,0.25622611852469357,0.0005728960036207027,True
135,5.786642,2,1,1,0,3,6982.07,6982.07,42.8,3491.035,6982.07,3491.035,3,0.5184353896439421,0.00042967200271552705,True
136,51.095377,10,2,2,0,11,6982.07,6982.07,42.8,698.207,3491.035,2327.3566666666666,12,0.2152836645084349,0.0015754640099569326,True
168,25.51314,3,2,2,0,4,6982.07,6982.07,42.79999999999999,2327.3566666666666,3491.035,2327.3566666666666,5,0.15678195627821584,0.0005728960036207027,True
169,1.0,1,1,1,0,2,6982.07,6982.07,42.8,6982.07,6982.07,3491.035,2,2.0,0.00028644800181035137,True
170,1.0,1,1,1,0,2,6982.07,6982.07,42.8,6982.07,6982.07,3491.035,2,2.0,0.00028644800181035137,True
171,1.0,2,1,1,0,3,6982.07,6982.07,42.8,3491.035,6982.07,3491.035,3,3.0,0.00042967200271552705,True
172,6.759539,3,1,1,0,4,6982.07,6982.07,42.79999999999999,2327.3566666666666,6982.07,3491.035,4,0.591756331311943,0.0005728960036207027,True
174,109.275468,2,2,2,0,3,6982.07,6982.07,42.8,3491.035,3491.035,2327.3566666666666,4,0.02745355435128404,0.00042967200271552705,True
175,91.046238,2,1,0,0,2,6982.07,6982.07,42.8,3491.035,6982.07,6982.07,2,0.021966860398998582,0.00028644800181035137,True
176,2900.19973,33,6,11,5,35,6982.07,6982.07,42.8,211.57787878787877,1163.6783333333333,581.8391666666666,49,0.012068134355698324,0.005012840031681149,True
177,53.44248,4,2,3,4,6,6982.07,6982.07,42.8,1745.5175,3491.035,1745.5175,11,0.11227023895597658,0.0008593440054310541,True
178,716.276698,3,2,2,1,5,6982.07,6982.07,42.79999999999999,2327.3566666666666,3491.035,2327.3566666666666,6,0.006980542594727827,0.0007161200045258785,True
179,130.289121,4,2,3,3,6,6982.07,6982.07,42.8,1745.5175,3491.035,1745.5175,10,0.046051427425011185,0.0008593440054310541,True
180,1.0,2,1,0,2,3,6982.07,6982.07,42.8,3491.035,6982.07,6982.07,4,3.0,0.00042967200271552705,True
181,4.112404,4,1,1,1,6,6982.07,6982.07,42.8,1745.5175,6982.07,3491.035,6,1.4590006234795998,0.0008593440054310541,True
182,682.650494,5,2,3,4,7,6982.07,6982.07,42.8,1396.414,3491.035,1745.5175,12,0.01025414917520004,0.0010025680063362298,True
151,208.560965,28,1,1,0,29,6982.07,6982.07,42.8,249.35964285714286,6982.07,3491.035,29,0.1390480716274016,0.004153496026250095,True
152,207.519119,2,2,2,0,3,6982.07,6982.07,42.8,3491.035,3491.035,2327.3566666666666,4,0.014456499306938557,0.00042967200271552705,True
184,809.391053,9,1,0,4,10,6982.07,6982.07,42.8,775.7855555555556,6982.07,6982.07,13,0.012354967308985066,0.001432240009051757,True
185,1110.769583,17,4,5,7,19,6982.07,6982.07,42.8,410.71,1745.5175,1163.6783333333333,29,0.01710525773372748,0.0027212560171983383,True
186,189.09573,3,2,2,2,5,6982.07,6982.07,42.79999999999999,2327.3566666666666,3491.035,2327.3566666666666,7,0.026441633557775207,0.0007161200045258785,True
187,1.0,1,1,1,1,3,6982.07,6982.07,42.8,6982.07,6982.07,3491.035,3,3.0,0.00042967200271552705,True
188,63.348061,5,2,2,4,7,6982.07,6982.07,42.8,1396.414,3491.035,2327.3566666666666,11,0.11050061974272582,0.0010025680063362298,True
189,286.616147,2,1,0,2,3,6982.07,6982.07,42.8,3491.035,6982.07,6982.07,4,0.010466960886191803,0.00042967200271552705,True
190,1.0,2,1,0,0,2,6982.07,6982.07,42.8,3491.035,6982.07,6982.07,2,2.0,0.00028644800181035137,True
191,777.795559,35,8,19,12,37,6982.07,6982.07,42.8,199.48771428571428,872.75875,349.1035,66,0.047570341038679034,0.0052992880334915005,True
192,163.662587,3,1,1,1,4,6982.07,6982.07,42.79999999999999,2327.3566666666666,6982.07,3491.035,5,0.024440527754825237,0.0005728960036207027,True
193,1.0,1,1,1,1,3,6982.07,6982.07,42.8,6982.07,6982.07,3491.035,3,3.0,0.00042967200271552705,True
194,108.478083,5,2,2,4,7,6982.07,6982.07,42.8,1396.414,3491.035,2327.3566666666666,11,0.06452916392337059,0.0010025680063362298,True
195,36.229408,5,2,2,2,7,6982.07,6982.07,42.8,1396.414,3491.035,2327.3566666666666,9,0.19321320403579326,0.0010025680063362298,True
196,850.015394,56,27,41,16,58,6982.07,6982.07,42.8,124.67982142857143,258.5951851851852,166.2397619047619,113,0.0682340583587125,0.00830699205250019,True
197,971.820992,18,2,3,7,20,6982.07,6982.07,42.8,387.8927777777778,3491.035,1745.5175,28,0.020579921780491853,0.002864480018103514,True
198,12.345739,4,2,1,3,6,6982.07,6982.07,42.8,1745.5175,3491.035,3491.035,8,0.48599763853747435,0.0008593440054310541,True
167,223.010275,4,2,2,4,6,6982.07,6982.07,42.8,1745.5175,3491.035,2327.3566666666666,10,0.02690458993425303,0.0008593440054310541,True
200,1.0,3,2,1,3,5,6982.07,6982.07,42.79999999999999,2327.3566666666666,3491.035,3491.035,7,5.0,0.0007161200045258785,True
201,2177.023224,71,14,28,4,73,6982.07,6982.07,42.8,98.33901408450704,498.7192857142857,240.76103448275862,103,0.033532026298677645,0.010455352066077825,True
202,1.0,1,1,1,0,2,6982.07,6982.07,42.8,6982.07,6982.07,3491.035,2,2.0,0.00028644800181035137,True
203,211.83976,10,3,3,0,11,6982.07,6982.07,42.8,698.207,2327.3566666666666,1745.5175,13,0.05192604070170774,0.0015754640099569326,True
204,51.624413,7,3,4,0,8,6982.07,6982.07,42.8,997.4385714285714,2327.3566666666666,1396.414,11,0.15496544241578109,0.0011457920072414055,True
205,1.0,2,1,1,1,3,6982.07,6982.07,42.8,3491.035,6982.07,3491.035,4,3.0,0.00042967200271552705,True
206,439.588938,5,2,1,5,7,6982.07,6982.07,42.8,1396.414,3491.035,3491.035,11,0.01592396758628171,0.0010025680063362298,True
207,1.0,1,1,1,0,2,6982.07,6982.07,42.8,6982.07,6982.07,3491.035,2,2.0,0.00028644800181035137,True
208,218.219263,12,3,4,2,14,6982.07,6982.07,42.79999999999999,581.8391666666666,2327.3566666666666,1396.414,18,0.06415565613930242,0.0020051360126724597,True
209,82.818879,12,4,8,6,14,6982.07,6982.07,42.79999999999999,581.8391666666666,1745.5175,775.7855555555556,26,0.16904358244211445,0.0020051360126724597,True
210,296.224819,7,4,5,2,9,6982.07,6982.07,42.8,997.4385714285714,1745.5175,1163.6783333333333,14,0.0303823293077951,0.0012890160081465813,True
211,69.365992,5,3,4,0,6,6982.07,6982.07,42.8,1396.414,2327.3566666666666,1396.414,9,0.08649771778654877,0.0008593440054310541,True
212,1.0,2,1,1,0,3,6982.07,6982.07,42.8,3491.035,6982.07,3491.035,3,3.0,0.00042967200271552705,True
213,2052.374722,27,8,13,15,29,6982.07,6982.07,42.8,258.5951851851852,872.75875,498.7192857142857,55,0.014129973288571813,0.004153496026250095,True
214,1.0,3,1,0,0,3,6982.07,6982.07,42.79999999999999,2327.3566666666666,6982.07,6982.07,3,3.0,0.00042967200271552705,True
183,19.17823,5,1,0,3,6,6982.07,6982.07,42.8,1396.414,6982.07,6982.07,8,0.31285473164103256,0.0008593440054310541,True
216,911.992996,36,4,10,9,38,6982.07,6982.07,42.8,193.9463888888889,1745.5175,634.7336363636364,55,0.04166698666181423,0.0054425120343966765,True
217,1976.713064,10,2,5,8,12,6982.07,6982.07,42.8,698.207,3491.035,1163.6783333333333,23,0.006070683812711424,0.0017186880108621082,True
218,32.529854,9,4,5,9,11,6982.07,6982.07,42.8,775.7855555555556,1745.5175,1163.6783333333333,23,0.33815091823037385,0.0015754640099569326,True
219,1583.492197,10,3,5,4,12,6982.07,6982.07,42.8,698.207,2327.3566666666666,1163.6783333333333,19,0.007578187011426113,0.0017186880108621082,True
220,2.767991,3,2,3,0,4,6982.07,6982.07,42.79999999999999,2327.3566666666666,3491.035,1745.5175,6,1.445091403837657,0.0005728960036207027,True
221,1.0,1,1,1,0,2,6982.07,6982.07,42.8,6982.07,6982.07,3491.035,2,2.0,0.00028644800181035137,True
222,1.0,2,1,0,0,2,6982.07,6982.07,42.8,3491.035,6982.07,6982.07,2,2.0,0.00028644800181035137,True
223,429.859522,3,3,3,2,5,6982.07,6982.07,42.79999999999999,2327.3566666666666,2327.3566666666666,1745.5175,8,0.011631706974261233,0.0007161200045258785,True
224,232.900195,4,2,3,0,5,6982.07,6982.07,42.8,1745.5175,3491.035,1745.5175,7,0.021468423416304998,0.0007161200045258785,True
225,5.453967,4,1,1,0,5,6982.07,6982.07,42.8,1745.5175,6982.07,3491.035,5,0.9167638894771458,0.0007161200045258785,True
226,8.522759,4,2,2,0,5,6982.07,6982.07,42.8,1745.5175,3491.035,2327.3566666666666,6,0.5866644827103523,0.0007161200045258785,True
227,2288.581418,49,10,31,4,51,6982.07,6982.07,42.8,142.4912244897959,698.207,218.1896875,84,0.022284546924517586,0.00730442404616396,True
228,1.0,1,1,1,0,2,6982.07,6982.07,42.8,6982.07,6982.07,3491.035,2,2.0,0.00028644800181035137,True
229,1.0,2,1,1,1,3,6982.07,6982.07,42.8,3491.035,6982.07,3491.035,4,3.0,0.00042967200271552705,True
230,4125.79451,27,5,15,13,29,6982.07,6982.07,42.8,258.5951851851852,1396.414,436.379375,55,0.007028949195048495,0.004153496026250095,True
199,1.0,2,1,1,1,3,6982.07,6982.07,42.8,3491.035,6982.07,3491.035,4,3.0,0.00042967200271552705,True
232,1.0,1,1,0,0,1,6982.07,6982.07,42.8,6982.07,6982.07,6982.07,1,1.0,0.00014322400090517568,True
233,1.493689,3,2,3,2,5,6982.07,6982.07,42.79999999999999,2327.3566666666666,3491.035,1745.5175,8,3.3474170325951387,0.0007161200045258785,True
234,19.54055,5,3,3,0,6,6982.07,6982.07,42.8,1396.414,2327.3566666666666,1745.5175,8,0.30705379326579857,0.0008593440054310541,True
235,389.372785,8,5,5,0,9,6982.07,6982.07,42.8,872.75875,1396.414,1163.6783333333333,13,0.023114096173927512,0.0012890160081465813,True
236,255.699987,6,1,1,0,7,6982.07,6982.07,42.79999999999999,1163.6783333333333,6982.07,3491.035,7,0.027375832443824098,0.0010025680063362298,True
237,29.116105,3,1,0,0,3,6982.07,6982.07,42.79999999999999,2327.3566666666666,6982.07,6982.07,3,0.10303575976250944,0.00042967200271552705,True
238,4111.404483,72,2,2,0,73,6982.07,6982.07,42.8,96.97319444444445,3491.035,2327.3566666666666,74,0.017755489712054196,0.010455352066077825,True
239,1132.845649,19,1,0,0,19,6982.07,6982.07,42.8,367.47736842105263,6982.07,6982.07,19,0.016771923003607702,0.0027212560171983383,True
240,2398.39136,47,6,9,2,49,6982.07,6982.07,42.8,148.55468085106384,1163.6783333333333,698.207,58,0.020430360456268486,0.007017976044353609,True
241,502.576034,10,3,3,2,12,6982.07,6982.07,42.8,698.207,2327.3566666666666,1745.5175,15,0.02387698415400365,0.0017186880108621082,True
242,274.840135,12,3,6,2,14,6982.07,6982.07,42.79999999999999,581.8391666666666,2327.3566666666666,997.4385714285714,20,0.05093870296636262,0.0020051360126724597,True
243,295.525386,6,2,3,0,7,6982.07,6982.07,42.79999999999999,1163.6783333333333,3491.035,1745.5175,9,0.023686628396790248,0.0010025680063362298,True
244,255.399976,4,2,2,0,5,6982.07,6982.07,42.8,1745.5175,3491.035,2327.3566666666666,6,0.019577135747264125,0.0007161200045258785,True
245,416.92681,6,2,2,0,7,6982.07,6982.07,42.79999999999999,1163.6783333333333,3491.035,2327.3566666666666,8,0.01678951756544512,0.0010025680063362298,True
246,62.942539,2,1,1,0,3,6982.07,6982.07,42.8,3491.035,6982.07,3491.035,3,0.047662519619680425,0.00042967200271552705,True
215,367.345835,6,3,6,6,8,6982.07,6982.07,42.79999999999999,1163.6783333333333,2327.3566666666666,997.4385714285714,18,0.021777843214147233,0.0011457920072414055,True
247,272.359351,8,1,1,0,9,6982.07,6982.07,42.8,872.75875,6982.07,3491.035,9,0.03304457866768819,0.0012890160081465813,True
249,1.0,1,1,1,1,3,6982.07,6982.07,42.8,6982.07,6982.07,3491.035,3,3.0,0.00042967200271552705,True
250,4.01333,3,2,2,0,4,6982.07,6982.07,42.79999999999999,2327.3566666666666,3491.035,2327.3566666666666,5,0.9966785686699076,0.0005728960036207027,True
251,853.022725,3,3,3,2,5,6982.07,6982.07,42.79999999999999,2327.3566666666666,2327.3566666666666,1745.5175,8,0.005861508554769159,0.0007161200045258785,True
252,1.0,1,1,0,0,1,6982.07,6982.07,42.8,6982.07,6982.07,6982.07,1,1.0,0.00014322400090517568,True
253,8495.669987,69,6,14,6,71,6982.07,6982.07,42.8,101.18942028985506,1163.6783333333333,465.4713333333333,89,0.008357198444459776,0.010168904064267474,True
254,462.764617,6,2,3,4,8,6982.07,6982.07,42.79999999999999,1163.6783333333333,3491.035,1745.5175,13,0.01728740639650071,0.0011457920072414055,True
255,1.0,3,2,1,2,5,6982.07,6982.07,42.79999999999999,2327.3566666666666,3491.035,3491.035,6,5.0,0.0007161200045258785,True
257,492.887827,5,3,3,3,7,6982.07,6982.07,42.8,1396.414,2327.3566666666666,1745.5175,11,0.014202014366242402,0.0010025680063362298,True
258,1.0,1,1,1,1,3,6982.07,6982.07,42.8,6982.07,6982.07,3491.035,3,3.0,0.00042967200271552705,True
259,1.0,1,1,0,0,1,6982.07,6982.07,42.8,6982.07,6982.07,6982.07,1,1.0,0.00014322400090517568,True
260,123.608982,3,1,1,3,5,6982.07,6982.07,42.79999999999999,2327.3566666666666,6982.07,3491.035,7,0.040450134926279066,0.0007161200045258785,True
261,412.804687,4,3,2,2,6,6982.07,6982.07,42.8,1745.5175,2327.3566666666666,2327.3566666666666,8,0.014534718691311758,0.0008593440054310541,True
262,1.0,3,2,2,2,5,6982.07,6982.07,42.79999999999999,2327.3566666666666,3491.035,2327.3566666666666,7,5.0,0.0007161200045258785,True
231,1403.240421,20,3,2,1,22,6982.07,6982.07,42.8,349.1035,2327.3566666666666,2327.3566666666666,23,0.015677997633735497,0.003150928019913865,True
263,694.932098,7,2,4,6,9,6982.07,6982.07,42.8,997.4385714285714,3491.035,1396.414,17,0.012950905600564158,0.0012890160081465813,True
264,78.179514,4,2,2,4,6,6982.07,6982.07,42.8,1745.5175,3491.035,2327.3566666666666,10,0.07674644792496407,0.0008593440054310541,True
265,1.0,3,2,2,2,5,6982.07,6982.07,42.79999999999999,2327.3566666666666,3491.035,2327.3566666666666,7,5.0,0.0007161200045258785,True
266,338.137928,5,3,4,3,7,6982.07,6982.07,42.8,1396.414,2327.3566666666666,1396.414,12,0.020701611444191498,0.0010025680063362298,True
267,1.017977,3,2,1,3,5,6982.07,6982.07,42.79999999999999,2327.3566666666666,3491.035,3491.035,7,4.911702327262797,0.0007161200045258785,True
268,100.24882,5,2,3,3,7,6982.07,6982.07,42.8,1396.414,3491.035,1745.5175,11,0.06982625830408777,0.0010025680063362298,True
269,1.0,1,1,1,0,2,6982.07,6982.07,42.8,6982.07,6982.07,3491.035,2,2.0,0.00028644800181035137,True
270,1.0,2,1,1,2,4,6982.07,6982.07,42.8,3491.035,6982.07,3491.035,5,4.0,0.0005728960036207027,True
271,82.315539,5,2,2,2,7,6982.07,6982.07,42.8,1396.414,3491.035,2327.3566666666666,9,0.08503862193018015,0.0010025680063362298,True
273,244.48642,27,2,2,1,29,6982.07,6982.07,42.8,258.5951851851852,3491.035,2327.3566666666666,30,0.11861599511334821,0.004153496026250095,True
274,1.0,1,1,0,0,1,6982.07,6982.07,42.8,6982.07,6982.07,6982.07,1,1.0,0.00014322400090517568,True
275,1.0,1,1,0,0,1,6982.07,6982.07,42.8,6982.07,6982.07,6982.07,1,1.0,0.00014322400090517568,True
276,165.254795,7,2,2,4,9,6982.07,6982.07,42.8,997.4385714285714,3491.035,2327.3566666666666,13,0.054461354661448705,0.0012890160081465813,True
277,275.815837,17,2,3,1,19,6982.07,6982.07,42.8,410.71,3491.035,1745.5175,21,0.06888654475631144,0.0027212560171983383,True
278,201.28129,5,2,2,2,7,6982.07,6982.07,42.8,1396.414,3491.035,2327.3566666666666,9,0.03477720159682999,0.0010025680063362298,True
308,2915.721937,41,13,19,10,43,6982.07,6982.07,42.8,170.29439024390243,537.0823076923077,349.1035,70,0.014747634009381191,0.006158632038922555,True
309,10.615342,9,2,4,4,11,6982.07,6982.07,42.8,775.7855555555556,3491.035,1396.414,17,1.0362360440200609,0.0015754640099569326,True
279,443.113316,8,3,3,0,9,6982.07,6982.07,42.8,872.75875,2327.3566666666666,1745.5175,11,0.02031083173316326,0.0012890160081465813,True
280,161.351814,6,2,1,4,7,6982.07,6982.07,42.79999999999999,1163.6783333333333,3491.035,3491.035,11,0.043383460194627875,0.0010025680063362298,True
281,1.0,2,1,1,1,3,6982.07,6982.07,42.8,3491.035,6982.07,3491.035,4,3.0,0.00042967200271552705,True
282,3883.693777,53,8,16,12,55,6982.07,6982.07,42.79999999999999,131.73716981132074,872.75875,410.71,81,0.014161775659481918,0.007877320049784663,True
283,1.0,1,1,1,0,2,6982.07,6982.07,42.8,6982.07,6982.07,3491.035,2,2.0,0.00028644800181035137,True
284,21.452128,3,2,2,2,5,6982.07,6982.07,42.79999999999999,2327.3566666666666,3491.035,2327.3566666666666,7,0.23307711011233945,0.0007161200045258785,True
285,128.001423,4,1,1,1,6,6982.07,6982.07,42.8,1745.5175,6982.07,3491.035,6,0.046874478887629245,0.0008593440054310541,True
286,886.305761,34,8,15,11,36,6982.07,6982.07,42.8,205.355,872.75875,436.379375,60,0.04061803678155264,0.005156064032586325,True
287,149.574829,5,1,0,0,5,6982.07,6982.07,42.8,1396.414,6982.07,6982.07,5,0.03342808434699932,0.0007161200045258785,True
288,138.944168,31,6,9,0,32,6982.07,6982.07,42.8,225.22806451612902,1163.6783333333333,698.207,40,0.23030833507168147,0.004583168028965622,True
290,1159.217917,12,2,1,0,13,6982.07,6982.07,42.79999999999999,581.8391666666666,3491.035,3491.035,13,0.011214457445277737,0.001861912011767284,True
292,1.0,3,2,2,2,5,6982.07,6982.07,42.79999999999999,2327.3566666666666,3491.035,2327.3566666666666,7,5.0,0.0007161200045258785,True
293,1.0,1,1,1,1,3,6982.07,6982.07,42.8,6982.07,6982.07,3491.035,3,3.0,0.00042967200271552705,True
294,332.198892,4,2,1,3,6,6982.07,6982.07,42.8,1745.5175,3491.035,3491.035,8,0.018061469031028555,0.0008593440054310541,True
321,13.807162,2,1,1,0,3,6982.07,6982.07,42.8,3491.035,6982.07,3491.035,3,0.2172785399345644,0.00042967200271552705,True
322,26.08942,4,2,2,0,5,6982.07,6982.07,42.8,1745.5175,3491.035,2327.3566666666666,6,0.19164856865350016,0.0007161200045258785,True
323,5.499605,2,2,2,0,3,6982.07,6982.07,42.8,3491.035,3491.035,2327.3566666666666,4,0.54549372182184,0.00042967200271552705,True
324,161.202983,8,2,2,2,9,6982.07,6982.07,42.8,872.75875,3491.035,2327.3566666666666,12,0.05583023237231287,0.0012890160081465813,True
325,2546.768225,84,25,48,6,86,6982.07,6982.07,42.8,83.11988095238095,279.2828,142.4912244897959,138,0.033768286864816685,0.01231726407784511,True
326,1203.320106,17,6,13,2,19,6982.07,6982.07,42.8,410.71,1163.6783333333333,498.7192857142857,32,0.015789647247862075,0.0027212560171983383,True
296,804.007443,3,2,2,1,4,6982.07,6982.07,42.79999999999999,2327.3566666666666,3491.035,2327.3566666666666,6,0.004975078321507529,0.0005728960036207027,True
297,1.0,1,1,1,1,3,6982.07,6982.07,42.8,6982.07,6982.07,3491.035,3,3.0,0.00042967200271552705,True
298,80.272301,17,5,8,0,18,6982.07,6982.07,42.8,410.71,1396.414,775.7855555555556,25,0.22423675135461732,0.0025780320162931626,True
299,5391.297767,126,24,60,20,128,6982.07,6982.07,42.8,55.41325396825397,290.9195833333333,114.46016393442622,206,0.023741964464193542,0.018332672115862488,True
300,1.0,3,2,2,3,5,6982.07,6982.07,42.79999999999999,2327.3566666666666,3491.035,2327.3566666666666,8,5.0,0.0007161200045258785,True
301,1.0,1,1,1,1,3,6982.07,6982.07,42.8,6982.07,6982.07,3491.035,3,3.0,0.00042967200271552705,True
304,2472.637169,58,6,8,8,60,6982.07,6982.07,42.8,120.38051724137931,1163.6783333333333,775.7855555555556,74,0.024265590096368885,0.008593440054310541,True
305,1.0,1,1,1,0,2,6982.07,6982.07,42.8,6982.07,6982.07,3491.035,2,2.0,0.00028644800181035137,True
306,2241.635786,31,5,10,12,33,6982.07,6982.07,42.8,225.22806451612902,1396.414,634.7336363636364,53,0.014721392389477138,0.004726392029870798,True
307,1.0,1,1,1,1,3,6982.07,6982.07,42.8,6982.07,6982.07,3491.035,3,3.0,0.00042967200271552705,True
337,1.0,1,1,0,0,1,6982.07,6982.07,42.8,6982.07,6982.07,6982.07,1,1.0,0.00014322400090517568,True
338,2450.787453,76,18,44,15,78,6982.07,6982.07,42.8,91.86934210526316,387.8927777777778,155.1571111111111,135,0.0318265053562766,0.011171472070603703,True
339,4067.785733,211,13,32,30,213,6982.07,6982.07,42.8,33.09037914691943,537.0823076923077,211.57787878787877,273,0.052362640016172156,0.03050671219280242,True
340,31.494589,2,1,1,0,3,6982.07,6982.07,42.8,3491.035,6982.07,3491.035,3,0.09525445783718593,0.00042967200271552705,True
341,12.413188,2,2,2,1,4,6982.07,6982.07,42.8,3491.035,3491.035,2327.3566666666666,5,0.32223792953107616,0.0005728960036207027,True
342,843.618633,48,4,5,4,50,6982.07,6982.07,42.79999999999999,145.45979166666666,1745.5175,1163.6783333333333,57,0.05926848702024816,0.007161200045258785,True
311,489.808977,4,3,2,2,6,6982.07,6982.07,42.8,1745.5175,2327.3566666666666,2327.3566666666666,8,0.012249673406863672,0.0008593440054310541,True
312,381.729627,5,3,3,3,7,6982.07,6982.07,42.8,1396.414,2327.3566666666666,1745.5175,11,0.018337586356638753,0.0010025680063362298,True
313,830.560504,20,6,8,9,22,6982.07,6982.07,42.8,349.1035,1163.6783333333333,775.7855555555556,37,0.02648813649824119,0.003150928019913865,True
314,771.947315,5,2,3,3,7,6982.07,6982.07,42.8,1396.414,3491.035,1745.5175,11,0.009067976355355287,0.0010025680063362298,True
315,31.744917,7,2,2,2,9,6982.07,6982.07,42.8,997.4385714285714,3491.035,2327.3566666666666,11,0.28350995531032575,0.0012890160081465813,True
316,59.633803,4,3,3,0,5,6982.07,6982.07,42.8,1745.5175,2327.3566666666666,1745.5175,7,0.08384506351204869,0.0007161200045258785,True
317,11.738035,3,2,2,0,4,6982.07,6982.07,42.79999999999999,2327.3566666666666,3491.035,2327.3566666666666,5,0.3407725398671924,0.0005728960036207027,True
319,11.34698,4,2,1,2,6,6982.07,6982.07,42.8,1745.5175,3491.035,3491.035,7,0.5287750573280291,0.0008593440054310541,True
320,1.0,2,1,1,0,3,6982.07,6982.07,42.8,3491.035,6982.07,3491.035,3,3.0,0.00042967200271552705,True
655,1.0,1,1,1,0,2,6982.07,6982.07,42.8,6982.07,6982.07,3491.035,2,2.0,0.00028644800181035137,True
656,319.496849,5,2,1,0,6,6982.07,6982.07,42.8,1396.414,3491.035,3491.035,6,0.018779527932057945,0.0008593440054310541,True
657,81.330253,4,1,1,0,5,6982.07,6982.07,42.8,1745.5175,6982.07,3491.035,5,0.06147773817942015,0.0007161200045258785,True
658,765.922334,8,3,7,2,10,6982.07,6982.07,42.8,872.75875,2327.3566666666666,872.75875,17,0.013056154072143823,0.001432240009051757,True
659,2.5328,3,1,1,0,4,6982.07,6982.07,42.79999999999999,2327.3566666666666,6982.07,3491.035,4,1.5792798483891346,0.0005728960036207027,True
660,17.230254,5,2,2,2,7,6982.07,6982.07,42.8,1396.414,3491.035,2327.3566666666666,9,0.40626214796369226,0.0010025680063362298,True
661,1.0,1,1,0,0,1,6982.07,6982.07,42.8,6982.07,6982.07,6982.07,1,1.0,0.00014322400090517568,True
662,5.463986,4,1,0,0,4,6982.07,6982.07,42.8,1745.5175,6982.07,6982.07,4,0.732066297388024,0.0005728960036207027,True
328,148.400593,5,2,2,4,7,6982.07,6982.07,42.8,1396.414,3491.035,2327.3566666666666,11,0.04716962283297615,0.0010025680063362298,True
256,876.620603,5,1,1,2,6,6982.07,6982.07,42.8,1396.414,6982.07,3491.035,8,0.006844466100233786,0.0008593440054310541,True
330,22.683676,4,3,3,0,5,6982.07,6982.07,42.8,1745.5175,2327.3566666666666,1745.5175,7,0.22042282741121855,0.0007161200045258785,True
331,1.0,1,1,1,0,2,6982.07,6982.07,42.8,6982.07,6982.07,3491.035,2,2.0,0.00028644800181035137,True
332,1.0,1,1,0,0,1,6982.07,6982.07,42.8,6982.07,6982.07,6982.07,1,1.0,0.00014322400090517568,True
334,354.408821,8,3,4,6,10,6982.07,6982.07,42.8,872.75875,2327.3566666666666,1396.414,18,0.028216001993923285,0.001432240009051757,True
335,641.688365,27,8,14,2,29,6982.07,6982.07,42.8,258.5951851851852,872.75875,465.4713333333333,43,0.04519327695773322,0.004153496026250095,True
336,1.0,1,1,1,0,2,6982.07,6982.07,42.8,6982.07,6982.07,3491.035,2,2.0,0.00028644800181035137,True
351,1549.93043,21,6,7,3,23,6982.07,6982.07,42.8,332.4795238095238,1163.6783333333333,872.75875,31,0.014839375726044686,0.0032941520208190408,True
352,1010.477819,8,2,2,0,9,6982.07,6982.07,42.8,872.75875,3491.035,2327.3566666666666,10,0.008906677445831198,0.0012890160081465813,True
353,3706.105199,46,7,14,4,48,6982.07,6982.07,42.8,151.7841304347826,997.4385714285714,465.4713333333333,64,0.012951602132867572,0.006874752043448433,True
354,604.389088,9,5,7,2,11,6982.07,6982.07,42.8,775.7855555555556,1396.414,872.75875,18,0.01820019622855931,0.0015754640099569326,True
355,1.0,3,2,2,2,5,6982.07,6982.07,42.79999999999999,2327.3566666666666,3491.035,2327.3566666666666,7,5.0,0.0007161200045258785,True
356,3527.175451,39,12,22,8,41,6982.07,6982.07,42.8,179.02743589743588,581.8391666666666,303.5682608695652,69,0.011624031911533056,0.005872184037112203,True
357,150.235338,6,3,5,2,8,6982.07,6982.07,42.79999999999999,1163.6783333333333,2327.3566666666666,1163.6783333333333,13,0.05324978867488553,0.0011457920072414055,True
358,1.0,1,1,0,0,1,6982.07,6982.07,42.8,6982.07,6982.07,6982.07,1,1.0,0.00014322400090517568,True
647,962.095261,24,11,17,6,26,6982.07,6982.07,42.79999999999999,290.9195833333333,634.7336363636364,387.8927777777778,47,0.02702435097016864,0.003723824023534568,True
648,12.066714,2,2,2,0,3,6982.07,6982.07,42.8,3491.035,3491.035,2327.3566666666666,4,0.2486178092892564,0.00042967200271552705,True
649,1.0,1,1,1,0,2,6982.07,6982.07,42.8,6982.07,6982.07,3491.035,2,2.0,0.00028644800181035137,True
650,1215.430493,9,4,6,0,10,6982.07,6982.07,42.8,775.7855555555556,1745.5175,997.4385714285714,15,0.008227537533073887,0.001432240009051757,True
651,867.971857,2,1,0,0,2,6982.07,6982.07,42.8,3491.035,6982.07,6982.07,2,0.0023042221747980015,0.00028644800181035137,True
652,544.568941,2,1,0,0,2,6982.07,6982.07,42.8,3491.035,6982.07,6982.07,2,0.0036726295780427185,0.00028644800181035137,True
653,1.0,1,1,0,0,1,6982.07,6982.07,42.8,6982.07,6982.07,6982.07,1,1.0,0.00014322400090517568,True
654,1.0,1,1,0,0,1,6982.07,6982.07,42.8,6982.07,6982.07,6982.07,1,1.0,0.00014322400090517568,True
365,5040.67021,25,3,9,6,27,6982.07,6982.07,42.8,279.2828,2327.3566666666666,698.207,40,0.0053564305687834315,0.0038670480244397437,True
366,1584.656296,103,4,6,6,105,6982.07,6982.07,42.8,67.78708737864078,1745.5175,997.4385714285714,115,0.06626042521967804,0.015038520095043448,True
2,8.465632,3,1,1,1,5,6982.07,6982.07,42.79999999999999,2327.3566666666666,6982.07,3491.035,5,0.5906233580670646,0.0007161200045258785,True
3,31.031382,3,2,3,0,4,6982.07,6982.07,42.79999999999999,2327.3566666666666,3491.035,1745.5175,6,0.12890176789419175,0.0005728960036207027,True
369,297.456893,3,2,2,1,5,6982.07,6982.07,42.79999999999999,2327.3566666666666,3491.035,2327.3566666666666,6,0.016809158293736366,0.0007161200045258785,True
370,164.386759,8,5,5,2,9,6982.07,6982.07,42.8,872.75875,1396.414,1163.6783333333333,15,0.054748935101275396,0.0012890160081465813,True
372,3607.916876,135,8,22,14,137,6982.07,6982.07,42.8,51.71903703703703,872.75875,303.5682608695652,171,0.03797204999686362,0.01962168812400907,True
4,123.994814,5,1,1,0,6,6982.07,6982.07,42.8,1396.414,6982.07,3491.035,6,0.048389120532089346,0.0008593440054310541,True
374,1069.830986,21,7,11,5,23,6982.07,6982.07,42.8,332.4795238095238,997.4385714285714,581.8391666666666,37,0.021498722976789907,0.0032941520208190408,True
343,1.0,1,1,1,0,2,6982.07,6982.07,42.8,6982.07,6982.07,3491.035,2,2.0,0.00028644800181035137,True
344,13.11044,5,2,2,0,6,6982.07,6982.07,42.8,1396.414,3491.035,2327.3566666666666,7,0.457650544146497,0.0008593440054310541,True
345,1.0,1,1,1,0,2,6982.07,6982.07,42.8,6982.07,6982.07,3491.035,2,2.0,0.00028644800181035137,True
346,149.86615,6,3,5,0,7,6982.07,6982.07,42.79999999999999,1163.6783333333333,2327.3566666666666,1163.6783333333333,11,0.04670834608081945,0.0010025680063362298,True
347,290.64397,9,2,2,2,11,6982.07,6982.07,42.8,775.7855555555556,3491.035,2327.3566666666666,13,0.037846991974407725,0.0015754640099569326,True
349,1093.463136,24,6,13,6,26,6982.07,6982.07,42.79999999999999,290.9195833333333,1163.6783333333333,498.7192857142857,43,0.023777664874108748,0.003723824023534568,True
5,1.0,1,1,0,0,1,6982.07,6982.07,42.8,6982.07,6982.07,6982.07,1,1.0,0.00014322400090517568,True
379,1.223651,2,1,0,0,2,6982.07,6982.07,42.8,3491.035,6982.07,6982.07,2,1.6344529608523999,0.00028644800181035137,True
380,3.555119,3,2,3,0,4,6982.07,6982.07,42.79999999999999,2327.3566666666666,3491.035,1745.5175,6,1.1251381458679723,0.0005728960036207027,True
381,313.290137,2,1,0,1,3,6982.07,6982.07,42.8,3491.035,6982.07,6982.07,3,0.009575788209381132,0.00042967200271552705,True
382,325.348604,23,6,15,3,25,6982.07,6982.07,42.8,303.5682608695652,1163.6783333333333,436.379375,41,0.07684065550808387,0.0035806000226293925,True
383,1557.732242,89,14,41,18,91,6982.07,6982.07,42.8,78.45022471910112,498.7192857142857,166.2397619047619,148,0.05841825542698114,0.013033384082370989,True
678,1.0,1,1,0,0,1,6982.07,6982.07,42.8,6982.07,6982.07,6982.07,1,1.0,0.00014322400090517568,True
386,586.69271,12,2,3,2,14,6982.07,6982.07,42.79999999999999,581.8391666666666,3491.035,1745.5175,17,0.023862577055031073,0.0020051360126724597,True
387,497.946409,6,5,6,0,7,6982.07,6982.07,42.79999999999999,1163.6783333333333,1396.414,997.4385714285714,12,0.014057737687189546,0.0010025680063362298,True
389,1.0,2,1,1,1,4,6982.07,6982.07,42.8,3491.035,6982.07,3491.035,4,4.0,0.0005728960036207027,True
390,5070.007897,94,17,42,18,96,6982.07,6982.07,42.8,74.27734042553192,410.71,162.37372093023257,154,0.018934881749751244,0.013749504086896866,True
359,1.0,1,1,0,0,1,6982.07,6982.07,42.8,6982.07,6982.07,6982.07,1,1.0,0.00014322400090517568,True
360,3253.771802,105,19,60,40,107,6982.07,6982.07,42.8,66.49590476190475,367.47736842105263,114.46016393442622,205,0.03288491219151576,0.015324968096853799,True
361,1.0,2,1,1,0,3,6982.07,6982.07,42.8,3491.035,6982.07,3491.035,3,3.0,0.00042967200271552705,True
362,1.0,1,1,1,0,2,6982.07,6982.07,42.8,6982.07,6982.07,3491.035,2,2.0,0.00028644800181035137,True
363,2220.77937,31,13,19,8,33,6982.07,6982.07,42.8,225.22806451612902,537.0823076923077,349.1035,58,0.01485964812434294,0.004726392029870798,True
364,216.586069,7,3,3,2,9,6982.07,6982.07,42.8,997.4385714285714,2327.3566666666666,1745.5175,12,0.04155391914888117,0.0012890160081465813,True
393,3081.523304,65,9,20,16,67,6982.07,6982.07,42.8,107.41646153846153,775.7855555555556,332.4795238095238,101,0.0217424933678191,0.009596008060646772,True
394,1188.090423,7,3,5,5,9,6982.07,6982.07,42.8,997.4385714285714,2327.3566666666666,1163.6783333333333,17,0.007575181001185462,0.0012890160081465813,True
395,1.217058,2,1,0,0,2,6982.07,6982.07,42.8,3491.035,6982.07,6982.07,2,1.6433070568534942,0.00028644800181035137,True
396,4156.699442,83,9,33,26,85,6982.07,6982.07,42.8,84.12132530120482,775.7855555555556,205.355,142,0.020448916546899086,0.012174040076939934,True
397,172.632248,16,6,9,1,18,6982.07,6982.07,42.8,436.379375,1163.6783333333333,698.207,26,0.1042678885812806,0.0025780320162931626,True
398,1.0,1,1,1,1,3,6982.07,6982.07,42.8,6982.07,6982.07,3491.035,3,3.0,0.00042967200271552705,True
401,3872.862568,210,53,119,14,212,6982.07,6982.07,42.8,33.24795238095238,131.73716981132074,58.18391666666666,343,0.05473987167829705,0.030363488191897246,True
402,12.896684,3,2,2,0,4,6982.07,6982.07,42.79999999999999,2327.3566666666666,3491.035,2327.3566666666666,5,0.31015724662246513,0.0005728960036207027,True
403,26.548473,4,3,3,0,5,6982.07,6982.07,42.8,1745.5175,2327.3566666666666,1745.5175,7,0.1883347490456419,0.0007161200045258785,True
404,1074.20528,8,2,2,0,9,6982.07,6982.07,42.8,872.75875,3491.035,2327.3566666666666,10,0.00837828687641528,0.0012890160081465813,True
405,1284.208503,18,5,7,2,20,6982.07,6982.07,42.8,387.8927777777778,1396.414,872.75875,27,0.015573795028827962,0.002864480018103514,True
677,1.0,1,1,0,0,1,6982.07,6982.07,42.8,6982.07,6982.07,6982.07,1,1.0,0.00014322400090517568,True
375,1.0,1,1,1,0,2,6982.07,6982.07,42.8,6982.07,6982.07,3491.035,2,2.0,0.00028644800181035137,True
376,2251.966893,21,4,8,2,23,6982.07,6982.07,42.8,332.4795238095238,1745.5175,775.7855555555556,31,0.010213294019327308,0.0032941520208190408,True
377,1192.366333,9,2,2,4,11,6982.07,6982.07,42.8,775.7855555555556,3491.035,2327.3566666666666,15,0.009225352725553682,0.0015754640099569326,True
378,1.0,1,1,1,1,3,6982.07,6982.07,42.8,6982.07,6982.07,3491.035,3,3.0,0.00042967200271552705,True
408,672.505414,8,5,5,5,10,6982.07,6982.07,42.8,872.75875,1396.414,1163.6783333333333,18,0.014869768765906174,0.001432240009051757,True
409,149.61153,3,1,0,0,3,6982.07,6982.07,42.79999999999999,2327.3566666666666,6982.07,6982.07,3,0.02005193048958192,0.00042967200271552705,True
410,775.20572,5,2,2,0,6,6982.07,6982.07,42.8,1396.414,3491.035,2327.3566666666666,7,0.00773988096991854,0.0008593440054310541,True
411,1.0,1,1,1,0,2,6982.07,6982.07,42.8,6982.07,6982.07,3491.035,2,2.0,0.00028644800181035137,True
412,7.973668,4,2,2,2,6,6982.07,6982.07,42.8,1745.5175,3491.035,2327.3566666666666,8,0.7524767773125242,0.0008593440054310541,True
413,118.437105,2,1,0,0,2,6982.07,6982.07,42.8,3491.035,6982.07,6982.07,2,0.016886599853990013,0.00028644800181035137,True
414,1737.509954,40,4,5,2,42,6982.07,6982.07,42.8,174.55175,1745.5175,1163.6783333333333,47,0.02417252338803004,0.006015408038017379,True
415,782.74373,29,8,18,10,31,6982.07,6982.07,42.8,240.76103448275862,872.75875,367.47736842105263,57,0.039604277635031326,0.004439944028060447,True
416,37.662114,16,4,12,2,18,6982.07,6982.07,42.8,436.379375,1745.5175,537.0823076923077,30,0.4779338727507436,0.0025780320162931626,True
417,20.623732,7,3,4,0,8,6982.07,6982.07,42.8,997.4385714285714,2327.3566666666666,1396.414,11,0.3879026356626434,0.0011457920072414055,True
418,892.846059,19,4,5,0,20,6982.07,6982.07,42.8,367.47736842105263,1745.5175,1163.6783333333333,24,0.022400278075260006,0.002864480018103514,True
419,478.442701,14,2,2,2,16,6982.07,6982.07,42.8,498.7192857142857,3491.035,2327.3566666666666,18,0.03344183110445236,0.002291584014482811,True
420,1.0,2,1,0,0,2,6982.07,6982.07,42.8,3491.035,6982.07,6982.07,2,2.0,0.00028644800181035137,True
422,128.28922,4,3,2,1,6,6982.07,6982.07,42.8,1745.5175,2327.3566666666666,2327.3566666666666,7,0.04676932325256947,0.0008593440054310541,True
391,361.556062,4,2,2,1,5,6982.07,6982.07,42.8,1745.5175,3491.035,2327.3566666666666,7,0.013829114003349224,0.0007161200045258785,True
392,201.332263,3,2,2,1,5,6982.07,6982.07,42.79999999999999,2327.3566666666666,3491.035,2327.3566666666666,6,0.024834569112254005,0.0007161200045258785,True
424,826.284725,41,8,16,2,43,6982.07,6982.07,42.8,170.29439024390243,872.75875,410.71,59,0.052040172956119936,0.006158632038922555,True
425,308.133535,9,2,4,0,10,6982.07,6982.07,42.8,775.7855555555556,3491.035,1396.414,13,0.03245346210044941,0.001432240009051757,True
426,1.0,2,1,1,1,3,6982.07,6982.07,42.8,3491.035,6982.07,3491.035,4,3.0,0.00042967200271552705,True
427,46.173305,7,3,3,5,9,6982.07,6982.07,42.8,997.4385714285714,2327.3566666666666,1745.5175,15,0.19491782102234181,0.0012890160081465813,True
428,3592.255854,46,8,14,6,48,6982.07,6982.07,42.8,151.7841304347826,872.75875,465.4713333333333,66,0.013362077187946313,0.006874752043448433,True
429,1212.501276,20,3,4,4,22,6982.07,6982.07,42.8,349.1035,2327.3566666666666,1396.414,28,0.01814431080235828,0.003150928019913865,True
430,869.051875,10,3,4,3,12,6982.07,6982.07,42.8,698.207,2327.3566666666666,1396.414,17,0.01380815155597012,0.0017186880108621082,True
431,3.817732,2,1,1,2,4,6982.07,6982.07,42.8,3491.035,6982.07,3491.035,5,1.0477424816618872,0.0005728960036207027,True
432,102.908361,2,1,1,0,3,6982.07,6982.07,42.8,3491.035,6982.07,3491.035,3,0.029152150231991355,0.00042967200271552705,True
433,895.636977,6,2,2,0,7,6982.07,6982.07,42.79999999999999,1163.6783333333333,3491.035,2327.3566666666666,8,0.007815666592336328,0.0010025680063362298,True
434,1.0,1,1,1,0,2,6982.07,6982.07,42.8,6982.07,6982.07,3491.035,2,2.0,0.00028644800181035137,True
676,1.0,1,1,0,0,1,6982.07,6982.07,42.8,6982.07,6982.07,6982.07,1,1.0,0.00014322400090517568,True
436,724.514273,36,6,21,6,38,6982.07,6982.07,42.8,193.9463888888889,1163.6783333333333,317.3668181818182,63,0.05244893222414129,0.0054425120343966765,True
437,1.0,2,1,1,1,3,6982.07,6982.07,42.8,3491.035,6982.07,3491.035,4,3.0,0.00042967200271552705,True
438,89.070798,23,6,12,5,25,6982.07,6982.07,42.8,303.5682608695652,1163.6783333333333,537.0823076923077,40,0.2806756036922449,0.0035806000226293925,True
407,6964.515433,105,19,42,11,107,6982.07,6982.07,42.8,66.49590476190475,367.47736842105263,162.37372093023257,158,0.015363595792034768,0.015324968096853799,True
469,2828.736332,40,8,15,13,42,6982.07,6982.07,42.8,174.55175,872.75875,436.379375,68,0.014847619244280984,0.006015408038017379,True
470,595.069719,6,4,4,1,8,6982.07,6982.07,42.79999999999999,1163.6783333333333,1745.5175,1396.414,11,0.013443802876482782,0.0011457920072414055,True
439,1.0,2,1,1,0,3,6982.07,6982.07,42.8,3491.035,6982.07,3491.035,3,3.0,0.00042967200271552705,True
440,1.0,3,2,2,0,4,6982.07,6982.07,42.79999999999999,2327.3566666666666,3491.035,2327.3566666666666,5,4.0,0.0005728960036207027,True
675,1.0,1,1,1,1,3,6982.07,6982.07,42.8,6982.07,6982.07,3491.035,3,3.0,0.00042967200271552705,True
442,20.881157,2,1,1,0,3,6982.07,6982.07,42.8,3491.035,6982.07,3491.035,3,0.14367019988403898,0.00042967200271552705,True
443,689.888333,61,6,9,2,63,6982.07,6982.07,42.8,114.46016393442622,1163.6783333333333,698.207,72,0.09131912656942989,0.00902311205702607,True
445,450.134298,8,1,1,0,9,6982.07,6982.07,42.8,872.75875,6982.07,3491.035,9,0.01999403298079721,0.0012890160081465813,True
446,3135.438701,20,5,10,8,22,6982.07,6982.07,42.8,349.1035,1396.414,634.7336363636364,38,0.0070165619863604535,0.003150928019913865,True
447,453.698623,4,1,1,1,6,6982.07,6982.07,42.8,1745.5175,6982.07,3491.035,6,0.013224637889191919,0.0008593440054310541,True
448,424.697423,9,3,4,4,11,6982.07,6982.07,42.8,775.7855555555556,2327.3566666666666,1396.414,17,0.025900792904034173,0.0015754640099569326,True
449,1.0,2,1,1,0,3,6982.07,6982.07,42.8,3491.035,6982.07,3491.035,3,3.0,0.00042967200271552705,True
450,1867.992504,54,15,30,14,56,6982.07,6982.07,42.8,129.2975925925926,465.4713333333333,225.22806451612902,98,0.029978707023762232,0.008020544050689839,True
452,1149.8164,25,5,10,12,27,6982.07,6982.07,42.8,279.2828,1396.414,634.7336363636364,47,0.023482009823481385,0.0038670480244397437,True
454,164.883694,3,2,1,1,5,6982.07,6982.07,42.79999999999999,2327.3566666666666,3491.035,3491.035,5,0.030324405517018562,0.0007161200045258785,True
423,1.0,1,1,1,1,3,6982.07,6982.07,42.8,6982.07,6982.07,3491.035,3,3.0,0.00042967200271552705,True
483,390.831929,23,6,10,7,25,6982.07,6982.07,42.8,303.5682608695652,1163.6783333333333,634.7336363636364,40,0.06396611470297761,0.0035806000226293925,True
484,265.351445,4,1,1,0,5,6982.07,6982.07,42.8,1745.5175,6982.07,3491.035,5,0.018842934885845448,0.0007161200045258785,True
485,178.141863,16,3,5,5,18,6982.07,6982.07,42.8,436.379375,2327.3566666666666,1163.6783333333333,26,0.1010430658850806,0.0025780320162931626,True
455,1.0,3,2,2,2,5,6982.07,6982.07,42.79999999999999,2327.3566666666666,3491.035,2327.3566666666666,7,5.0,0.0007161200045258785,True
456,274.775099,5,2,2,0,6,6982.07,6982.07,42.8,1396.414,3491.035,2327.3566666666666,7,0.021836039807959454,0.0008593440054310541,True
457,26.028307,2,2,2,1,4,6982.07,6982.07,42.8,3491.035,3491.035,2327.3566666666666,5,0.15367883896559234,0.0005728960036207027,True
458,49.285504,19,6,12,5,21,6982.07,6982.07,42.8,367.47736842105263,1163.6783333333333,537.0823076923077,36,0.4260887745005103,0.0030077040190086895,True
674,575.535682,3,2,1,1,5,6982.07,6982.07,42.79999999999999,2327.3566666666666,3491.035,3491.035,5,0.00868755866295706,0.0007161200045258785,True
460,1.0,1,1,0,0,1,6982.07,6982.07,42.8,6982.07,6982.07,6982.07,1,1.0,0.00014322400090517568,True
461,1.0,2,1,1,1,3,6982.07,6982.07,42.8,3491.035,6982.07,3491.035,4,3.0,0.00042967200271552705,True
462,49.847476,2,1,1,1,4,6982.07,6982.07,42.8,3491.035,6982.07,3491.035,4,0.08024478511208873,0.0005728960036207027,True
463,261.922174,5,3,2,1,7,6982.07,6982.07,42.8,1396.414,2327.3566666666666,2327.3566666666666,8,0.026725495948273552,0.0010025680063362298,True
465,197.826397,9,2,3,3,11,6982.07,6982.07,42.8,775.7855555555556,3491.035,1745.5175,15,0.05560430845839042,0.0015754640099569326,True
466,1.421804,2,1,1,0,3,6982.07,6982.07,42.8,3491.035,6982.07,3491.035,3,2.1099954705430566,0.00042967200271552705,True
467,131.682559,29,4,17,2,31,6982.07,6982.07,42.8,240.76103448275862,1745.5175,387.8927777777778,48,0.23541462313167835,0.004439944028060447,True
468,1.0,1,1,1,0,2,6982.07,6982.07,42.8,6982.07,6982.07,3491.035,2,2.0,0.00028644800181035137,True
639,35.813195,10,5,5,4,12,6982.07,6982.07,42.8,698.207,1396.414,1163.6783333333333,19,0.335072031411886,0.0017186880108621082,True
640,118.421333,12,3,4,4,14,6982.07,6982.07,42.79999999999999,581.8391666666666,2327.3566666666666,1396.414,20,0.11822194232520587,0.0020051360126724597,True
641,1.0,2,2,2,1,4,6982.07,6982.07,42.8,3491.035,3491.035,2327.3566666666666,5,4.0,0.0005728960036207027,True
643,1.0,2,1,1,0,3,6982.07,6982.07,42.8,3491.035,6982.07,3491.035,3,3.0,0.00042967200271552705,True
644,119.756826,3,1,1,0,4,6982.07,6982.07,42.79999999999999,2327.3566666666666,6982.07,3491.035,4,0.0334010188279372,0.0005728960036207027,True
645,1545.130534,40,11,21,12,42,6982.07,6982.07,42.8,174.55175,634.7336363636364,317.3668181818182,73,0.02718216945158111,0.006015408038017379,True
671,1.0,1,1,1,0,2,6982.07,6982.07,42.8,6982.07,6982.07,3491.035,2,2.0,0.00028644800181035137,True
471,845.811672,6,4,4,4,8,6982.07,6982.07,42.79999999999999,1163.6783333333333,1745.5175,1396.414,14,0.009458370302555957,0.0011457920072414055,True
474,1.0,1,1,1,0,2,6982.07,6982.07,42.8,6982.07,6982.07,3491.035,2,2.0,0.00028644800181035137,True
475,83.723168,14,3,5,3,16,6982.07,6982.07,42.8,498.7192857142857,2327.3566666666666,1163.6783333333333,22,0.19110600305998932,0.002291584014482811,True
476,207.522633,3,2,1,1,5,6982.07,6982.07,42.79999999999999,2327.3566666666666,3491.035,3491.035,5,0.024093757522824027,0.0007161200045258785,True
477,632.4264,12,3,5,3,14,6982.07,6982.07,42.79999999999999,581.8391666666666,2327.3566666666666,1163.6783333333333,20,0.022136963289325053,0.0020051360126724597,True
478,233.995861,3,2,2,3,5,6982.07,6982.07,42.79999999999999,2327.3566666666666,3491.035,2327.3566666666666,8,0.021367899323655133,0.0007161200045258785,True
479,534.416082,12,6,7,3,14,6982.07,6982.07,42.79999999999999,581.8391666666666,1163.6783333333333,872.75875,22,0.026196816434876674,0.0020051360126724597,True
481,1.0,1,1,1,0,2,6982.07,6982.07,42.8,6982.07,6982.07,3491.035,2,2.0,0.00028644800181035137,True
482,83.283107,8,3,4,3,10,6982.07,6982.07,42.8,872.75875,2327.3566666666666,1396.414,15,0.12007236953827863,0.001432240009051757,True
495,3.752422,3,2,2,0,4,6982.07,6982.07,42.79999999999999,2327.3566666666666,3491.035,2327.3566666666666,5,1.0659781868883618,0.0005728960036207027,True
496,94.401676,5,2,2,2,7,6982.07,6982.07,42.8,1396.414,3491.035,2327.3566666666666,9,0.07415122587442198,0.0010025680063362298,True
497,480.764592,5,2,2,2,7,6982.07,6982.07,42.8,1396.414,3491.035,2327.3566666666666,9,0.014560140485553895,0.0010025680063362298,True
498,8.627193,3,2,2,1,4,6982.07,6982.07,42.79999999999999,2327.3566666666666,3491.035,2327.3566666666666,6,0.46365022783192633,0.0005728960036207027,True
499,2581.685232,57,15,30,16,59,6982.07,6982.07,42.8,122.49245614035087,465.4713333333333,225.22806451612902,103,0.022853289498152116,0.008450216053405365,True
500,57.74837,25,5,12,13,27,6982.07,6982.07,42.8,279.2828,1396.414,537.0823076923077,50,0.46754566405943576,0.0038670480244397437,True
501,206.268128,2,2,2,2,4,6982.07,6982.07,42.8,3491.035,3491.035,2327.3566666666666,6,0.019392234945769228,0.0005728960036207027,True
502,1.0,1,1,1,0,2,6982.07,6982.07,42.8,6982.07,6982.07,3491.035,2,2.0,0.00028644800181035137,True
617,111.930836,5,4,5,2,7,6982.07,6982.07,42.8,1396.414,1745.5175,1163.6783333333333,12,0.06253861983126795,0.0010025680063362298,True
632,933.261655,21,3,5,3,23,6982.07,6982.07,42.8,332.4795238095238,2327.3566666666666,1163.6783333333333,29,0.0246447498156345,0.0032941520208190408,True
633,1.0,1,1,1,0,2,6982.07,6982.07,42.8,6982.07,6982.07,3491.035,2,2.0,0.00028644800181035137,True
634,1.0,1,1,1,0,2,6982.07,6982.07,42.8,6982.07,6982.07,3491.035,2,2.0,0.00028644800181035137,True
635,1.0,1,1,1,0,2,6982.07,6982.07,42.8,6982.07,6982.07,3491.035,2,2.0,0.00028644800181035137,True
636,52.653517,3,2,2,0,4,6982.07,6982.07,42.79999999999999,2327.3566666666666,3491.035,2327.3566666666666,5,0.07596833465084583,0.0005728960036207027,True
637,1007.436567,6,3,4,0,7,6982.07,6982.07,42.79999999999999,1163.6783333333333,2327.3566666666666,1396.414,10,0.006948328291125053,0.0010025680063362298,True
638,206.175334,9,4,4,0,10,6982.07,6982.07,42.8,775.7855555555556,1745.5175,1396.414,13,0.04850240717931855,0.001432240009051757,True
511,1.0,3,1,0,0,3,6982.07,6982.07,42.79999999999999,2327.3566666666666,6982.07,6982.07,3,3.0,0.00042967200271552705,True
512,7.697996,2,1,0,0,2,6982.07,6982.07,42.8,3491.035,6982.07,6982.07,2,0.2598078772709157,0.00028644800181035137,True
513,1.0,1,1,1,0,2,6982.07,6982.07,42.8,6982.07,6982.07,3491.035,2,2.0,0.00028644800181035137,True
514,275.895339,9,4,5,4,11,6982.07,6982.07,42.8,775.7855555555556,1745.5175,1163.6783333333333,18,0.03987019150040806,0.0015754640099569326,True
515,87.161635,2,1,1,0,3,6982.07,6982.07,42.8,3491.035,6982.07,3491.035,3,0.03441881281827722,0.00042967200271552705,True
516,1.64519,4,2,2,2,6,6982.07,6982.07,42.8,1745.5175,3491.035,2327.3566666666666,8,3.6469951798880373,0.0008593440054310541,True
517,674.989222,6,2,2,0,7,6982.07,6982.07,42.79999999999999,1163.6783333333333,3491.035,2327.3566666666666,8,0.010370535960943091,0.0010025680063362298,True
518,1.0,1,1,1,0,2,6982.07,6982.07,42.8,6982.07,6982.07,3491.035,2,2.0,0.00028644800181035137,True
487,1.0,2,1,1,2,4,6982.07,6982.07,42.8,3491.035,6982.07,3491.035,5,4.0,0.0005728960036207027,True
488,600.376497,16,3,6,5,18,6982.07,6982.07,42.8,436.379375,2327.3566666666666,997.4385714285714,27,0.029981186955091617,0.0025780320162931626,True
489,1.0,1,1,0,0,1,6982.07,6982.07,42.8,6982.07,6982.07,6982.07,1,1.0,0.00014322400090517568,True
490,323.393778,4,1,1,1,6,6982.07,6982.07,42.8,1745.5175,6982.07,3491.035,6,0.018553232647537207,0.0008593440054310541,True
491,1.0,1,1,1,0,2,6982.07,6982.07,42.8,6982.07,6982.07,3491.035,2,2.0,0.00028644800181035137,True
29,1.0,1,1,1,0,2,6982.07,6982.07,42.8,6982.07,6982.07,3491.035,2,2.0,0.00028644800181035137,True
493,160.351396,4,2,2,2,6,6982.07,6982.07,42.8,1745.5175,3491.035,2327.3566666666666,8,0.0374178220437819,0.0008593440054310541,True
494,1.0,1,1,1,1,3,6982.07,6982.07,42.8,6982.07,6982.07,3491.035,3,3.0,0.00042967200271552705,True
527,1.0,2,1,1,1,4,6982.07,6982.07,42.8,3491.035,6982.07,3491.035,4,4.0,0.0005728960036207027,True
528,1.0,2,1,1,2,4,6982.07,6982.07,42.8,3491.035,6982.07,3491.035,5,4.0,0.0005728960036207027,True
529,22.635698,3,1,1,1,5,6982.07,6982.07,42.79999999999999,2327.3566666666666,6982.07,3491.035,5,0.22089002954536677,0.0007161200045258785,True
530,1.0,1,1,1,0,2,6982.07,6982.07,42.8,6982.07,6982.07,3491.035,2,2.0,0.00028644800181035137,True
531,1432.82331,31,2,4,3,33,6982.07,6982.07,42.8,225.22806451612902,3491.035,1396.414,38,0.02303145110055475,0.004726392029870798,True
532,988.215665,24,8,9,8,26,6982.07,6982.07,42.79999999999999,290.9195833333333,872.75875,698.207,41,0.026310046400650815,0.003723824023534568,True
533,756.589745,4,1,1,2,6,6982.07,6982.07,42.8,1745.5175,6982.07,3491.035,7,0.00793032160381714,0.0008593440054310541,True
534,63.117754,14,4,7,2,16,6982.07,6982.07,42.8,498.7192857142857,1745.5175,872.75875,23,0.25349444468508814,0.002291584014482811,True
503,63.579198,4,2,2,0,5,6982.07,6982.07,42.8,1745.5175,3491.035,2327.3566666666666,6,0.07864207409473772,0.0007161200045258785,True
504,79.289314,7,2,3,2,9,6982.07,6982.07,42.8,997.4385714285714,3491.035,1745.5175,12,0.1135083600294486,0.0012890160081465813,True
505,1.0,1,1,0,1,2,6982.07,6982.07,42.8,6982.07,6982.07,6982.07,2,2.0,0.00028644800181035137,True
506,34.499666,3,1,1,1,5,6982.07,6982.07,42.79999999999999,2327.3566666666666,6982.07,3491.035,5,0.14492893931205017,0.0007161200045258785,True
507,114.977036,3,2,2,0,4,6982.07,6982.07,42.79999999999999,2327.3566666666666,3491.035,2327.3566666666666,5,0.034789555716151874,0.0005728960036207027,True
508,1.0,6,2,3,0,7,6982.07,6982.07,42.79999999999999,1163.6783333333333,3491.035,1745.5175,9,7.0,0.0010025680063362298,True
509,2.133439,3,2,2,0,4,6982.07,6982.07,42.79999999999999,2327.3566666666666,3491.035,2327.3566666666666,5,1.8749071335060434,0.0005728960036207027,True
694,340.959554,3,2,2,0,4,6982.07,6982.07,42.79999999999999,2327.3566666666666,3491.035,2327.3566666666666,5,0.011731596762940392,0.0005728960036207027,True
543,1.0,1,1,1,0,2,6982.07,6982.07,42.8,6982.07,6982.07,3491.035,2,2.0,0.00028644800181035137,True
544,1.0,3,2,2,2,5,6982.07,6982.07,42.79999999999999,2327.3566666666666,3491.035,2327.3566666666666,7,5.0,0.0007161200045258785,True
545,1.0,1,1,0,0,1,6982.07,6982.07,42.8,6982.07,6982.07,6982.07,1,1.0,0.00014322400090517568,True
546,678.569837,7,3,3,2,9,6982.07,6982.07,42.8,997.4385714285714,2327.3566666666666,1745.5175,12,0.013263189003197617,0.0012890160081465813,True
547,54.967403,4,2,2,0,5,6982.07,6982.07,42.8,1745.5175,3491.035,2327.3566666666666,6,0.09096300219968552,0.0007161200045258785,True
548,68.905192,3,2,2,0,4,6982.07,6982.07,42.79999999999999,2327.3566666666666,3491.035,2327.3566666666666,5,0.05805077794428031,0.0005728960036207027,True
549,1.0,1,1,1,0,2,6982.07,6982.07,42.8,6982.07,6982.07,3491.035,2,2.0,0.00028644800181035137,True
550,1003.948885,24,4,8,1,26,6982.07,6982.07,42.79999999999999,290.9195833333333,1745.5175,775.7855555555556,33,0.025897732831288517,0.003723824023534568,True
519,158.962321,2,2,2,0,3,6982.07,6982.07,42.8,3491.035,3491.035,2327.3566666666666,4,0.01887239681156895,0.00042967200271552705,True
520,61.880671,10,1,1,1,12,6982.07,6982.07,42.8,698.207,6982.07,3491.035,12,0.19392162053317102,0.0017186880108621082,True
521,1.0,3,2,2,2,5,6982.07,6982.07,42.79999999999999,2327.3566666666666,3491.035,2327.3566666666666,7,5.0,0.0007161200045258785,True
522,8.860966,3,2,2,1,5,6982.07,6982.07,42.79999999999999,2327.3566666666666,3491.035,2327.3566666666666,6,0.5642725635105699,0.0007161200045258785,True
523,21.462615,8,2,4,0,9,6982.07,6982.07,42.8,872.75875,3491.035,1396.414,12,0.4193338043849736,0.0012890160081465813,True
524,1.848011,6,1,1,0,7,6982.07,6982.07,42.79999999999999,1163.6783333333333,6982.07,3491.035,7,3.7878562411154477,0.0010025680063362298,True
525,994.403864,12,2,2,0,13,6982.07,6982.07,42.79999999999999,581.8391666666666,3491.035,2327.3566666666666,14,0.013073159176702475,0.001861912011767284,True
8,1.0,1,1,0,0,1,6982.07,6982.07,42.8,6982.07,6982.07,6982.07,1,1.0,0.00014322400090517568,True
557,906.51952,4,2,2,1,5,6982.07,6982.07,42.8,1745.5175,3491.035,2327.3566666666666,7,0.005515601031955715,0.0007161200045258785,True
558,215.400794,3,1,1,1,5,6982.07,6982.07,42.79999999999999,2327.3566666666666,6982.07,3491.035,5,0.02321254210418556,0.0007161200045258785,True
559,1.0,3,2,2,2,5,6982.07,6982.07,42.79999999999999,2327.3566666666666,3491.035,2327.3566666666666,7,5.0,0.0007161200045258785,True
560,499.100597,14,5,7,2,16,6982.07,6982.07,42.8,498.7192857142857,1396.414,872.75875,23,0.03205766552108532,0.002291584014482811,True
561,828.565997,31,8,10,6,33,6982.07,6982.07,42.8,225.22806451612902,872.75875,634.7336363636364,47,0.03982784729216929,0.004726392029870798,True
562,125.005716,2,1,1,0,3,6982.07,6982.07,42.8,3491.035,6982.07,3491.035,3,0.023998902578182903,0.00042967200271552705,True
563,1.0,1,1,1,0,2,6982.07,6982.07,42.8,6982.07,6982.07,3491.035,2,2.0,0.00028644800181035137,True
565,654.893487,23,5,11,9,25,6982.07,6982.07,42.8,303.5682608695652,1396.414,581.8391666666666,43,0.0381741466303512,0.0035806000226293925,True
566,335.553263,12,4,7,3,14,6982.07,6982.07,42.79999999999999,581.8391666666666,1745.5175,872.75875,22,0.041722139355265336,0.0020051360126724597,True
535,107.788591,5,2,2,4,7,6982.07,6982.07,42.8,1396.414,3491.035,2327.3566666666666,11,0.06494193805724764,0.0010025680063362298,True
536,40.130104,4,3,2,0,5,6982.07,6982.07,42.8,1745.5175,2327.3566666666666,2327.3566666666666,6,0.12459474313846781,0.0007161200045258785,True
537,1442.180271,9,4,6,4,11,6982.07,6982.07,42.8,775.7855555555556,1745.5175,997.4385714285714,19,0.007627340507419825,0.0015754640099569326,True
538,1.0,1,1,1,0,2,6982.07,6982.07,42.8,6982.07,6982.07,3491.035,2,2.0,0.00028644800181035137,True
539,197.274209,8,1,1,0,9,6982.07,6982.07,42.8,872.75875,6982.07,3491.035,9,0.04562177714776694,0.0012890160081465813,True
540,97.44955,7,3,3,0,8,6982.07,6982.07,42.8,997.4385714285714,2327.3566666666666,1745.5175,10,0.08209376030982185,0.0011457920072414055,True
542,1.0,2,1,1,0,3,6982.07,6982.07,42.8,3491.035,6982.07,3491.035,3,3.0,0.00042967200271552705,True
571,14.850757,4,2,2,3,6,6982.07,6982.07,42.8,1745.5175,3491.035,2327.3566666666666,9,0.40401980855252023,0.0008593440054310541,True
572,1.0,2,1,1,0,3,6982.07,6982.07,42.8,3491.035,6982.07,3491.035,3,3.0,0.00042967200271552705,True
573,54.450274,3,2,2,0,4,6982.07,6982.07,42.79999999999999,2327.3566666666666,3491.035,2327.3566666666666,5,0.07346152197507766,0.0005728960036207027,True
574,19.166599,2,2,2,0,3,6982.07,6982.07,42.8,3491.035,3491.035,2327.3566666666666,4,0.15652229172217771,0.00042967200271552705,True
9,15.791363,3,3,2,0,4,6982.07,6982.07,42.79999999999999,2327.3566666666666,2327.3566666666666,2327.3566666666666,5,0.25330302393783233,0.0005728960036207027,True
576,1426.488678,20,8,16,9,22,6982.07,6982.07,42.8,349.1035,872.75875,410.71,45,0.015422484832368225,0.003150928019913865,True
578,3277.9079,57,9,14,1,58,6982.07,6982.07,42.8,122.49245614035087,775.7855555555556,465.4713333333333,72,0.017694212823978366,0.00830699205250019,True
579,2039.409479,35,5,14,9,37,6982.07,6982.07,42.8,199.48771428571428,1396.414,465.4713333333333,58,0.018142506632921267,0.0052992880334915005,True
580,1564.593494,32,5,9,2,34,6982.07,6982.07,42.8,218.1896875,1396.414,698.207,43,0.02173088417559277,0.004869616030775973,True
581,933.141319,18,3,3,2,20,6982.07,6982.07,42.8,387.8927777777778,2327.3566666666666,1745.5175,23,0.02143298082806255,0.002864480018103514,True
582,540.65749,31,2,1,1,33,6982.07,6982.07,42.8,225.22806451612902,3491.035,3491.035,33,0.06103679429281558,0.004726392029870798,True
551,116.496341,2,2,2,1,4,6982.07,6982.07,42.8,3491.035,3491.035,2327.3566666666666,5,0.03433584235920337,0.0005728960036207027,True
553,1.0,1,1,1,0,2,6982.07,6982.07,42.8,6982.07,6982.07,3491.035,2,2.0,0.00028644800181035137,True
554,400.824089,2,2,1,0,3,6982.07,6982.07,42.8,3491.035,3491.035,3491.035,3,0.007484580099675596,0.00042967200271552705,True
555,544.988978,16,4,8,2,18,6982.07,6982.07,42.8,436.379375,1745.5175,775.7855555555556,26,0.03302819089306427,0.0025780320162931626,True
556,1601.065366,21,4,4,0,22,6982.07,6982.07,42.8,332.4795238095238,1745.5175,1396.414,25,0.013740850603097737,0.003150928019913865,True
587,1.0,1,1,1,0,2,6982.07,6982.07,42.8,6982.07,6982.07,3491.035,2,2.0,0.00028644800181035137,True
588,1239.67816,27,7,13,6,29,6982.07,6982.07,42.8,258.5951851851852,997.4385714285714,498.7192857142857,46,0.023393168433329503,0.004153496026250095,True
589,1347.059595,10,4,6,0,11,6982.07,6982.07,42.8,698.207,1745.5175,997.4385714285714,16,0.008165934187937691,0.0015754640099569326,True
590,656.624904,4,2,2,0,5,6982.07,6982.07,42.8,1745.5175,3491.035,2327.3566666666666,6,0.007614697477267783,0.0007161200045258785,True
591,2283.213738,42,9,20,2,44,6982.07,6982.07,42.8,166.2397619047619,775.7855555555556,332.4795238095238,64,0.019271082364168923,0.00630185603982773,True
592,142.527432,6,3,2,0,7,6982.07,6982.07,42.79999999999999,1163.6783333333333,2327.3566666666666,2327.3566666666666,8,0.049113352438708076,0.0010025680063362298,True
593,57.968604,7,1,1,0,8,6982.07,6982.07,42.8,997.4385714285714,6982.07,3491.035,8,0.1380057384166091,0.0011457920072414055,True
594,952.052271,18,4,5,4,20,6982.07,6982.07,42.8,387.8927777777778,1745.5175,1163.6783333333333,27,0.02100724992651165,0.002864480018103514,True
595,410.749351,12,3,4,1,14,6982.07,6982.07,42.79999999999999,581.8391666666666,2327.3566666666666,1396.414,17,0.03408404655032553,0.0020051360126724597,True
596,1383.88519,34,12,17,7,36,6982.07,6982.07,42.8,205.355,581.8391666666666,387.8927777777778,58,0.026013718666936525,0.005156064032586325,True
597,51.737665,3,1,1,2,4,6982.07,6982.07,42.79999999999999,2327.3566666666666,6982.07,3491.035,6,0.07731311415001044,0.0005728960036207027,True
598,1541.457881,62,8,16,0,63,6982.07,6982.07,42.8,112.61403225806451,872.75875,410.71,78,0.04087039988347239,0.00902311205702607,True
567,894.922092,9,2,3,0,10,6982.07,6982.07,42.8,775.7855555555556,3491.035,1745.5175,12,0.01117415704606385,0.001432240009051757,True
568,1675.049459,28,6,13,2,30,6982.07,6982.07,42.8,249.35964285714286,1163.6783333333333,498.7192857142857,43,0.017909918921385114,0.004296720027155271,True
10,223.767854,3,2,2,0,4,6982.07,6982.07,42.79999999999999,2327.3566666666666,3491.035,2327.3566666666666,5,0.01787566859357734,0.0005728960036207027,True
570,11.815147,6,4,4,3,8,6982.07,6982.07,42.79999999999999,1163.6783333333333,1745.5175,1396.414,13,0.6770969502114532,0.0011457920072414055,True
603,60.614075,6,3,3,0,7,6982.07,6982.07,42.79999999999999,1163.6783333333333,2327.3566666666666,1745.5175,9,0.11548472858820331,0.0010025680063362298,True
604,1306.513283,36,11,19,8,38,6982.07,6982.07,42.8,193.9463888888889,634.7336363636364,349.1035,63,0.029085046814636938,0.0054425120343966765,True
605,225.029153,23,7,9,2,25,6982.07,6982.07,42.8,303.5682608695652,997.4385714285714,698.207,34,0.11109671643300367,0.0035806000226293925,True
606,881.690322,34,2,3,0,35,6982.07,6982.07,42.8,205.355,3491.035,1745.5175,37,0.03969647746683557,0.005012840031681149,True
607,191.464278,9,4,6,2,11,6982.07,6982.07,42.8,775.7855555555556,1745.5175,997.4385714285714,17,0.05745197023123028,0.0015754640099569326,True
608,9.45322,3,2,2,1,4,6982.07,6982.07,42.79999999999999,2327.3566666666666,3491.035,2327.3566666666666,6,0.42313624352337087,0.0005728960036207027,True
609,1.0,3,2,2,3,5,6982.07,6982.07,42.79999999999999,2327.3566666666666,3491.035,2327.3566666666666,8,5.0,0.0007161200045258785,True
610,196.78525,7,2,3,4,9,6982.07,6982.07,42.8,997.4385714285714,3491.035,1745.5175,14,0.045735135128268,0.0012890160081465813,True
611,1.0,1,1,1,0,2,6982.07,6982.07,42.8,6982.07,6982.07,3491.035,2,2.0,0.00028644800181035137,True
612,1.0,1,1,1,0,2,6982.07,6982.07,42.8,6982.07,6982.07,3491.035,2,2.0,0.00028644800181035137,True
613,328.083014,25,5,10,7,27,6982.07,6982.07,42.8,279.2828,1396.414,634.7336363636364,42,0.08229624469372865,0.0038670480244397437,True
614,1.0,2,1,1,1,4,6982.07,6982.07,42.8,3491.035,6982.07,3491.035,4,4.0,0.0005728960036207027,True
583,1.0,1,1,1,1,3,6982.07,6982.07,42.8,6982.07,6982.07,3491.035,3,3.0,0.00042967200271552705,True
584,50.450035,9,3,2,0,10,6982.07,6982.07,42.8,775.7855555555556,2327.3566666666666,2327.3566666666666,11,0.19821591798697463,0.001432240009051757,True
585,1.0,1,1,1,0,2,6982.07,6982.07,42.8,6982.07,6982.07,3491.035,2,2.0,0.00028644800181035137,True
586,1.0,4,3,3,0,5,6982.07,6982.07,42.8,1745.5175,2327.3566666666666,1745.5175,7,5.0,0.0007161200045258785,True
618,1990.41552,29,1,0,0,29,6982.07,6982.07,42.8,240.76103448275862,6982.07,6982.07,29,0.014569822084184713,0.004153496026250095,True
619,1.0,1,1,1,0,2,6982.07,6982.07,42.8,6982.07,6982.07,3491.035,2,2.0,0.00028644800181035137,True
620,25.156649,4,3,2,0,5,6982.07,6982.07,42.8,1745.5175,2327.3566666666666,2327.3566666666666,6,0.19875461155418592,0.0007161200045258785,True
621,13.916382,2,1,1,0,3,6982.07,6982.07,42.8,3491.035,6982.07,3491.035,3,0.21557327184608757,0.00042967200271552705,True
622,706.150667,6,2,1,1,8,6982.07,6982.07,42.79999999999999,1163.6783333333333,3491.035,3491.035,8,0.011329027038927941,0.0011457920072414055,True
623,1.0,1,1,1,1,3,6982.07,6982.07,42.8,6982.07,6982.07,3491.035,3,3.0,0.00042967200271552705,True
624,2164.071821,8,2,2,0,9,6982.07,6982.07,42.8,872.75875,3491.035,2327.3566666666666,10,0.004158826852540029,0.0012890160081465813,True
625,1.0,3,2,2,0,4,6982.07,6982.07,42.79999999999999,2327.3566666666666,3491.035,2327.3566666666666,5,4.0,0.0005728960036207027,True
627,482.037228,6,2,2,5,8,6982.07,6982.07,42.79999999999999,1163.6783333333333,3491.035,2327.3566666666666,13,0.01659622853859744,0.0011457920072414055,True
628,1401.896006,50,13,23,4,52,6982.07,6982.07,42.8,139.6414,537.0823076923077,290.9195833333333,77,0.03709262297448902,0.007447648047069136,True
629,1.0,1,1,0,0,1,6982.07,6982.07,42.8,6982.07,6982.07,6982.07,1,1.0,0.00014322400090517568,True
630,833.301715,2,1,1,0,3,6982.07,6982.07,42.8,3491.035,6982.07,3491.035,3,0.0036001365963827404,0.00042967200271552705,True
11,35.645368,2,1,1,0,3,6982.07,6982.07,42.8,3491.035,6982.07,3491.035,3,0.08416240786180129,0.00042967200271552705,True
600,1.0,1,1,1,1,3,6982.07,6982.07,42.8,6982.07,6982.07,3491.035,3,3.0,0.00042967200271552705,True
601,88.673304,10,2,1,0,11,6982.07,6982.07,42.8,698.207,3491.035,3491.035,11,0.12405086428267069,0.0015754640099569326,True
602,1558.711193,14,3,6,5,16,6982.07,6982.07,42.8,498.7192857142857,2327.3566666666666,997.4385714285714,25,0.01026489068138744,0.002291584014482811,True
679,13.204845,2,1,0,0,2,6982.07,6982.07,42.8,3491.035,6982.07,6982.07,2,0.1514595589724832,0.00028644800181035137,True
30,1.0,1,1,0,0,1,6982.07,6982.07,42.8,6982.07,6982.07,6982.07,1,1.0,0.00014322400090517568,True
31,1.0,1,1,0,0,1,6982.07,6982.07,42.8,6982.07,6982.07,6982.07,1,1.0,0.00014322400090517568,True
32,1.0,1,1,1,0,2,6982.07,6982.07,42.8,6982.07,6982.07,3491.035,2,2.0,0.00028644800181035137,True
33,1.0,1,1,1,0,2,6982.07,6982.07,42.8,6982.07,6982.07,3491.035,2,2.0,0.00028644800181035137,True
34,46.71454,4,2,1,0,5,6982.07,6982.07,42.8,1745.5175,3491.035,3491.035,5,0.10703305651730703,0.0007161200045258785,True
35,1.0,1,1,1,0,2,6982.07,6982.07,42.8,6982.07,6982.07,3491.035,2,2.0,0.00028644800181035137,True
36,1.0,1,1,1,0,2,6982.07,6982.07,42.8,6982.07,6982.07,3491.035,2,2.0,0.00028644800181035137,True
37,2.169995,2,1,1,0,3,6982.07,6982.07,42.8,3491.035,6982.07,3491.035,3,1.382491664727338,0.00042967200271552705,True
38,1.0,1,1,0,1,2,6982.07,6982.07,42.8,6982.07,6982.07,6982.07,2,2.0,0.00028644800181035137,True
663,405.956571,2,1,1,0,3,6982.07,6982.07,42.8,3491.035,6982.07,3491.035,3,0.007389953049928585,0.00042967200271552705,True
12,1.0,1,1,0,0,1,6982.07,6982.07,42.8,6982.07,6982.07,6982.07,1,1.0,0.00014322400090517568,True
666,1784.474607,18,4,6,3,20,6982.07,6982.07,42.8,387.8927777777778,1745.5175,997.4385714285714,27,0.011207780666390844,0.002864480018103514,True
668,1.0,1,1,1,0,2,6982.07,6982.07,42.8,6982.07,6982.07,3491.035,2,2.0,0.00028644800181035137,True
669,8335.339662,372,51,200,71,374,6982.07,6982.07,42.8,18.769005376344086,136.90333333333334,34.736666666666665,643,0.04486919731718066,0.05356577633853571,True
7,1.0,1,1,0,0,1,6982.07,6982.07,42.8,6982.07,6982.07,6982.07,1,1.0,0.00014322400090517568,True
670,1.0,1,1,1,0,2,6982.07,6982.07,42.8,6982.07,6982.07,3491.035,2,2.0,0.00028644800181035137,True
681,3693.390027,41,11,15,5,43,6982.07,6982.07,42.8,170.29439024390243,634.7336363636364,436.379375,61,0.011642420563670408,0.006158632038922555,True
683,12.394949,2,1,1,2,4,6982.07,6982.07,42.8,3491.035,6982.07,3491.035,5,0.32271209829100544,0.0005728960036207027,True
685,109.641416,4,3,3,0,5,6982.07,6982.07,42.8,1745.5175,2327.3566666666666,1745.5175,7,0.0456032052705339,0.0007161200045258785,True
686,2331.967917,20,6,12,7,22,6982.07,6982.07,42.8,349.1035,1163.6783333333333,537.0823076923077,39,0.009434092055735602,0.003150928019913865,True
687,32.858727,4,2,2,1,6,6982.07,6982.07,42.8,1745.5175,3491.035,2327.3566666666666,7,0.1825998919556439,0.0008593440054310541,True
688,452.616692,35,8,16,5,37,6982.07,6982.07,42.8,199.48771428571428,872.75875,410.71,56,0.08174687468220902,0.0052992880334915005,True
689,670.571818,3,1,0,0,3,6982.07,6982.07,42.79999999999999,2327.3566666666666,6982.07,6982.07,3,0.00447379373763065,0.00042967200271552705,True
690,29.22338,2,1,1,1,4,6982.07,6982.07,42.8,3491.035,6982.07,3491.035,4,0.1368767062536914,0.0005728960036207027,True
691,442.258514,6,2,3,2,8,6982.07,6982.07,42.79999999999999,1163.6783333333333,3491.035,1745.5175,11,0.0180889677569893,0.0011457920072414055,True
692,303.281747,3,2,2,0,4,6982.07,6982.07,42.79999999999999,2327.3566666666666,3491.035,2327.3566666666666,5,0.01318905618147867,0.0005728960036207027,True
693,469.391911,14,4,5,0,15,6982.07,6982.07,42.8,498.7192857142857,1745.5175,1163.6783333333333,19,0.03195623880276028,0.0021483600135776353,True
6,142.666406,4,1,0,0,4,6982.07,6982.07,42.8,1745.5175,6982.07,6982.07,4,0.028037434404845105,0.0005728960036207027,True
615,80.286272,2,1,1,1,4,6982.07,6982.07,42.8,3491.035,6982.07,3491.035,4,0.04982171796443607,0.0005728960036207027,True
616,399.381585,5,3,3,1,7,6982.07,6982.07,42.8,1396.414,2327.3566666666666,1745.5175,9,0.017527097550078582,0.0010025680063362298,True
1,1.0,1,1,1,1,3,6982.07,6982.07,42.8,6982.07,6982.07,3491.035,3,3.0,0.00042967200271552705,True
14,1071.43437,11,3,4,0,12,6982.069999999999,6982.07,42.8,634.7336363636363,2327.356666666666,1396.4139999999998,15,0.011199939385928044,0.0017186880108621084,True
682,2145.93265,22,6,6,4,24,6982.069999999999,6982.07,42.8,317.36681818181813,1163.678333333333,997.4385714285712,32,0.011183948387196586,0.003437376021724217,True
684,3206.996779,97,9,17,8,99,6982.069999999999,6982.07,42.8,71.9801030927835,775.7855555555554,387.8927777777777,122,0.030870002941153562,0.014179176089612396,True
626,1206.726554,15,2,4,5,17,6982.069999999999,6982.07,42.8,465.47133333333323,3491.0349999999994,1396.4139999999998,24,0.014087698612124847,0.002434808015387987,True
577,157.131303,11,4,5,4,13,6982.069999999999,6982.07,42.8,634.7336363636363,1745.5174999999997,1163.678333333333,20,0.08273335581007688,0.0018619120117672843,True
552,1808.422279,15,4,7,7,17,6982.069999999999,6982.07,42.8,465.47133333333323,1745.5174999999997,872.7587499999998,29,0.009400459282884117,0.002434808015387987,True
564,364.022569,11,6,6,5,13,6982.069999999999,6982.07,42.8,634.7336363636363,1163.678333333333,997.4385714285712,22,0.03571207146774463,0.0018619120117672843,True
541,20.387106,15,4,9,0,16,6982.069999999999,6982.07,42.8,465.47133333333323,1745.5174999999997,698.2069999999999,24,0.7848097714310212,0.0022915840144828114,True
642,506.978559,11,2,2,2,13,6982.069999999999,6982.07,42.8,634.7336363636363,3491.0349999999994,2327.356666666666,15,0.02564211004434213,0.0018619120117672843,True
472,227.557682,11,2,3,0,12,6982.069999999999,6982.07,42.8,634.7336363636363,3491.0349999999994,1745.5174999999997,14,0.05273388221629011,0.0017186880108621084,True
473,1249.536309,11,2,2,2,13,6982.069999999999,6982.07,42.8,634.7336363636363,3491.0349999999994,2327.356666666666,15,0.010403859340753259,0.0018619120117672843,True
480,280.213723,11,4,6,2,13,6982.069999999999,6982.07,42.8,634.7336363636363,1745.5174999999997,997.4385714285712,19,0.04639315969546573,0.0018619120117672843,True
486,29.815638,11,2,4,4,13,6982.069999999999,6982.07,42.8,634.7336363636363,3491.0349999999994,1396.4139999999998,19,0.4360128064339928,0.0018619120117672843,True
464,502.579597,30,6,13,12,32,6982.069999999999,6982.07,42.8,232.73566666666662,1163.678333333333,498.7192857142856,55,0.06367150634648625,0.004583168028965623,True
444,560.248875,15,7,10,2,17,6982.069999999999,6982.07,42.8,465.47133333333323,997.4385714285712,634.7336363636363,27,0.030343657539696086,0.002434808015387987,True
451,900.05498,15,4,6,4,17,6982.069999999999,6982.07,42.8,465.47133333333323,1745.5174999999997,997.4385714285712,25,0.01888773505814056,0.002434808015387987,True
453,27.615953,11,2,4,3,13,6982.069999999999,6982.07,42.8,634.7336363636363,3491.0349999999994,1396.4139999999998,18,0.47074240023511044,0.0018619120117672843,True
421,924.479174,30,6,10,8,32,6982.069999999999,6982.07,42.8,232.73566666666662,1163.678333333333,634.7336363636363,48,0.034614084232469686,0.004583168028965623,True
399,659.039557,15,6,12,8,17,6982.069999999999,6982.07,42.8,465.47133333333323,1163.678333333333,537.0823076923076,35,0.025795113236275743,0.002434808015387987,True
400,1604.530837,60,14,29,8,62,6982.069999999999,6982.07,42.8,116.36783333333331,498.7192857142856,232.73566666666662,97,0.03864057864785057,0.008879888056120893,True
385,805.980484,30,6,11,0,31,6982.069999999999,6982.07,42.8,232.73566666666662,1163.678333333333,581.8391666666665,41,0.038462469768684865,0.004439944028060447,True
388,1363.665078,11,3,4,3,13,6982.069999999999,6982.07,42.8,634.7336363636363,2327.356666666666,1396.4139999999998,18,0.009533132592253711,0.0018619120117672843,True
371,1963.611995,22,7,11,10,24,6982.069999999999,6982.07,42.8,317.36681818181813,997.4385714285712,581.8391666666665,43,0.012222373901316487,0.003437376021724217,True
348,2033.702662,22,5,10,5,24,6982.069999999999,6982.07,42.8,317.36681818181813,1396.4139999999998,634.7336363636363,37,0.011801135165156214,0.003437376021724217,True
327,3871.072106,45,10,23,12,47,6982.069999999999,6982.07,42.8,155.15711111111108,698.2069999999999,290.91958333333326,80,0.012141339327457106,0.0067315280425432585,True
333,61.072563,11,4,8,0,12,6982.069999999999,6982.07,42.8,634.7336363636363,1745.5174999999997,775.7855555555554,19,0.1964875782272311,0.0017186880108621084,True
295,2481.389239,15,3,9,8,17,6982.069999999999,6982.07,42.8,465.47133333333323,2327.356666666666,698.2069999999999,32,0.0068510009364153605,0.002434808015387987,True
302,3041.252665,90,20,36,22,92,6982.069999999999,6982.07,42.8,77.57855555555554,349.10349999999994,188.70459459459457,148,0.030250692768402393,0.013176608083276165,True
303,333.638728,22,6,13,4,24,6982.069999999999,6982.07,42.8,317.36681818181813,1163.678333333333,498.7192857142856,39,0.07193409513298468,0.003437376021724217,True
310,152.649179,15,3,5,5,17,6982.069999999999,6982.07,42.8,465.47133333333323,2327.356666666666,1163.678333333333,25,0.11136646860052879,0.002434808015387987,True
289,1391.809812,15,1,1,0,16,6982.069999999999,6982.07,42.8,465.47133333333323,6982.069999999999,3491.0349999999994,16,0.011495823540005336,0.0022915840144828114,True
291,2808.904316,60,1,1,0,61,6982.069999999999,6982.07,42.8,116.36783333333331,6982.069999999999,3491.0349999999994,61,0.021716652878680683,0.008736664055215719,True
248,1586.118219,11,3,2,1,13,6982.069999999999,6982.07,42.8,634.7336363636363,2327.356666666666,2327.356666666666,14,0.008196110380849235,0.0018619120117672843,True
173,3239.055433,30,7,15,8,32,6982.069999999999,6982.07,42.8,232.73566666666662,997.4385714285712,436.3793749999999,53,0.009879423388059071,0.004583168028965623,True
148,2650.30904,60,21,32,16,62,6982.069999999999,6982.07,42.8,116.36783333333331,332.47952380952376,211.57787878787875,108,0.023393498291806755,0.008879888056120893,True
113,104.063306,15,5,13,5,17,6982.069999999999,6982.07,42.8,465.47133333333323,1396.4139999999998,498.7192857142856,33,0.1633620980674975,0.002434808015387987,True
79,2176.347362,11,1,0,3,12,6982.069999999999,6982.07,42.8,634.7336363636363,6982.069999999999,6982.069999999999,14,0.005513825692316115,0.0017186880108621084,True
69,833.496357,11,3,3,0,12,6982.069999999999,6982.07,42.8,634.7336363636363,2327.356666666666,1745.5174999999997,14,0.014397183502026992,0.0017186880108621084,True
665,621.826878,22,5,8,5,24,6982.069999999999,6982.07,42.8,317.36681818181813,1396.4139999999998,775.7855555555554,35,0.038595951460303396,0.003437376021724217,True
667,1421.582951,120,16,33,20,122,6982.069999999999,6982.07,42.8,58.183916666666654,436.3793749999999,205.35499999999996,173,0.08581982494526975,0.017473328110431438,True
673,5846.878842,173,18,56,34,175,6982.069999999999,6982.07,42.8,40.358786127167626,387.8927777777777,122.49245614035085,263,0.029930498771912128,0.02506420015840575,True
