timestamp,window_title,browser
2026-03-30 16:44:27.838186,RAM_Analyser – run_pipeline.py,unknown
2026-03-30 16:44:32.844068,RAM_Analyser – run_pipeline.py,unknown
2026-03-30 16:44:37.849724,RAM_Analyser – run_pipeline.py,unknown
2026-03-30 16:44:42.858219,RAM_Analyser – run_pipeline.py,unknown
2026-03-30 16:44:47.861222,RAM_Analyser – run_pipeline.py,unknown
2026-03-30 16:44:52.870581,RAM_Analyser – run_pipeline.py,unknown
2026-03-30 16:44:57.880853,RAM_Analyser – run_pipeline.py,unknown
2026-03-30 16:45:02.883621,RAM_Analyser – run_pipeline.py,unknown
2026-03-30 16:45:07.889694,RAM_Analyser – run_pipeline.py,unknown
2026-03-30 16:45:12.893874,RAM_Analyser – run_pipeline.py,unknown
2026-03-30 16:45:17.909638,RAM_Analyser – run_pipeline.py,unknown
2026-03-30 16:45:22.914100,RAM_Analyser – run_pipeline.py,unknown
2026-03-30 16:45:27.915798,RAM_Analyser – run_pipeline.py,unknown
2026-03-30 16:45:32.929586,RAM_Analyser – run_pipeline.py,unknown
2026-03-30 16:45:37.944389,RAM_Analyser – run_pipeline.py,unknown
2026-03-30 16:45:42.955302,RAM_Analyser – run_pipeline.py,unknown
2026-03-30 16:45:47.957748,RAM_Analyser – run_pipeline.py,unknown
2026-03-30 16:45:52.967472,RAM_Analyser – run_pipeline.py,unknown
2026-03-30 16:45:57.970289,RAM_Analyser – run_pipeline.py,unknown
2026-03-30 16:46:02.979386,RAM_Analyser – run_pipeline.py,unknown
2026-03-30 16:46:07.986018,RAM_Analyser – run_pipeline.py,unknown
2026-03-30 16:46:12.989824,RAM_Analyser – run_pipeline.py,unknown
2026-03-30 16:46:18.001449,RAM_Analyser – run_pipeline.py,unknown
2026-03-30 16:46:23.014772,RAM_Analyser – run_pipeline.py,unknown
2026-03-30 16:46:28.029307,RAM_Analyser – run_pipeline.py,unknown
2026-03-30 16:46:33.041520,RAM_Analyser – run_pipeline.py,unknown
2026-03-30 16:46:38.051321,RAM_Analyser – run_pipeline.py,unknown
2026-03-30 16:46:43.066406,RAM_Analyser – run_pipeline.py,unknown
2026-03-30 16:46:48.068321,RAM_Analyser – run_pipeline.py,unknown
2026-03-30 16:46:53.079189,RAM_Analyser – run_pipeline.py,unknown
2026-03-30 16:46:58.085762,RAM_Analyser – run_pipeline.py,unknown
2026-03-30 16:47:03.096428,RAM_Analyser – run_pipeline.py,unknown
2026-03-30 16:47:08.100957,RAM_Analyser – run_pipeline.py,unknown
2026-03-30 16:47:13.110585,RAM_Analyser – run_pipeline.py,unknown
2026-03-30 16:47:18.112376,RAM_Analyser – run_pipeline.py,unknown
2026-03-30 16:47:23.124020,RAM_Analyser – run_pipeline.py,unknown
2026-03-30 16:47:28.129503,RAM_Analyser – run_pipeline.py,unknown
2026-03-30 16:47:33.136915,RAM_Analyser – run_pipeline.py,unknown
2026-03-30 16:47:38.147529,RAM_Analyser – run_pipeline.py,unknown
2026-03-30 16:47:43.154536,RAM_Analyser – run_pipeline.py,unknown
2026-03-30 16:47:48.160913,RAM_Analyser – run_pipeline.py,unknown
2026-03-30 16:47:53.165151,RAM_Analyser – run_pipeline.py,unknown
2026-03-30 16:47:58.170403,RAM_Analyser – run_pipeline.py,unknown
2026-03-30 16:48:03.178134,RAM_Analyser – run_pipeline.py,unknown
2026-03-30 16:48:08.180718,RAM_Analyser – run_pipeline.py,unknown
2026-03-30 16:48:13.185127,RAM_Analyser – run_pipeline.py,unknown
2026-03-30 16:48:18.186503,RAM_Analyser – run_pipeline.py,unknown
2026-03-30 16:48:23.193303,RAM_Analyser – run_pipeline.py,unknown
2026-03-30 16:48:28.206655,RAM_Analyser – run_pipeline.py,unknown
2026-03-30 16:48:33.215535,RAM_Analyser – run_pipeline.py,unknown
2026-03-30 16:48:38.220705,RAM_Analyser – run_pipeline.py,unknown
2026-03-30 16:48:43.232009,RAM_Analyser – run_pipeline.py,unknown
2026-03-30 16:48:48.234480,RAM_Analyser – run_pipeline.py,unknown
2026-03-30 16:48:53.242191,RAM_Analyser – run_pipeline.py,unknown
2026-03-30 16:48:58.242430,RAM_Analyser – run_pipeline.py,unknown
2026-03-30 16:49:03.257831,RAM_Analyser – run_pipeline.py,unknown
2026-03-30 16:49:08.267506,RAM_Analyser – run_pipeline.py,unknown
2026-03-30 16:49:13.276341,RAM_Analyser – run_pipeline.py,unknown
2026-03-30 16:49:18.283705,RAM_Analyser – run_pipeline.py,unknown
2026-03-30 16:49:23.297306,RAM_Analyser – run_pipeline.py,unknown
2026-03-30 16:49:28.306627,RAM_Analyser – run_pipeline.py,unknown
2026-03-30 16:49:33.309286,RAM_Analyser – run_pipeline.py,unknown
2026-03-30 16:49:38.310783,RAM_Analyser – run_pipeline.py,unknown
2026-03-30 16:49:43.316762,RAM_Analyser – run_pipeline.py,unknown
2026-03-30 16:49:48.319243,RAM_Analyser – run_pipeline.py,unknown
2026-03-30 16:49:53.331727,RAM_Analyser – run_pipeline.py,unknown
2026-03-30 16:49:58.334810,RAM_Analyser – run_pipeline.py,unknown
2026-03-30 16:50:03.342513,RAM_Analyser – run_pipeline.py,unknown
2026-03-30 16:50:08.357175,RAM_Analyser – run_pipeline.py,unknown
2026-03-30 16:50:13.365985,RAM_Analyser – run_pipeline.py,unknown
2026-03-30 16:50:18.369506,RAM_Analyser – run_pipeline.py,unknown
2026-03-30 16:50:23.382565,RAM_Analyser – run_pipeline.py,unknown
2026-03-30 16:50:28.396878,RAM_Analyser – run_pipeline.py,unknown
2026-03-30 16:50:33.407469,RAM_Analyser – run_pipeline.py,unknown
2026-03-30 16:50:38.411436,RAM_Analyser – run_pipeline.py,unknown
2026-03-30 16:50:43.415998,RAM_Analyser – run_pipeline.py,unknown
2026-03-30 16:50:48.429777,RAM_Analyser – run_pipeline.py,unknown
2026-03-30 16:50:53.442310,RAM_Analyser – run_pipeline.py,unknown
2026-03-30 16:50:58.454613,RAM_Analyser – run_pipeline.py,unknown
2026-03-30 16:51:03.462670,RAM_Analyser – run_pipeline.py,unknown
2026-03-30 16:51:08.464729,RAM_Analyser – run_pipeline.py,unknown
2026-03-30 16:51:13.478518,RAM_Analyser – run_pipeline.py,unknown
2026-03-30 16:51:18.480551,RAM_Analyser – run_pipeline.py,unknown
2026-03-30 16:51:23.494189,RAM_Analyser – run_pipeline.py,unknown
2026-03-30 16:51:28.501685,RAM_Analyser – run_pipeline.py,unknown
2026-03-30 16:51:33.512996,RAM_Analyser – run_pipeline.py,unknown
2026-03-30 16:51:38.516499,RAM_Analyser – run_pipeline.py,unknown
2026-03-30 16:51:43.528810,RAM_Analyser – run_pipeline.py,unknown
2026-03-30 16:51:48.528945,RAM_Analyser – run_pipeline.py,unknown
2026-03-30 16:51:53.535701,RAM_Analyser – run_pipeline.py,unknown
2026-03-30 16:51:58.540781,RAM_Analyser – run_pipeline.py,unknown
2026-03-30 16:52:03.551199,RAM_Analyser – run_pipeline.py,unknown
2026-03-30 16:52:08.556909,RAM_Analyser – run_pipeline.py,unknown
2026-03-30 16:52:13.568298,RAM_Analyser – run_pipeline.py,unknown
2026-03-30 16:52:18.579808,RAM_Analyser – run_pipeline.py,unknown
2026-03-30 16:52:23.582686,RAM_Analyser – run_pipeline.py,unknown
2026-03-30 16:52:28.584869,RAM_Analyser – run_pipeline.py,unknown
2026-03-30 16:52:33.592500,RAM_Analyser – run_pipeline.py,unknown
2026-03-30 16:52:38.597139,RAM_Analyser – run_pipeline.py,unknown
2026-03-30 16:52:43.612576,RAM_Analyser – run_pipeline.py,unknown
2026-03-30 16:52:48.623185,RAM_Analyser – run_pipeline.py,unknown
2026-03-30 16:52:53.627105,RAM_Analyser – run_pipeline.py,unknown
2026-03-30 16:52:58.640559,RAM_Analyser – run_pipeline.py,unknown
2026-03-30 16:53:03.646372,RAM_Analyser – run_pipeline.py,unknown
2026-03-30 16:53:08.651613,RAM_Analyser – run_pipeline.py,unknown
2026-03-30 16:53:13.653759,RAM_Analyser – run_pipeline.py,unknown
2026-03-30 16:53:18.664442,RAM_Analyser – run_pipeline.py,unknown
2026-03-30 16:53:23.669095,RAM_Analyser – run_pipeline.py,unknown
2026-03-30 16:53:28.677822,RAM_Analyser – run_pipeline.py,unknown
2026-03-30 16:53:33.690440,RAM_Analyser – run_pipeline.py,unknown
2026-03-30 16:53:38.697720,RAM_Analyser – run_pipeline.py,unknown
2026-03-30 16:53:43.705910,RAM_Analyser – run_pipeline.py,unknown
2026-03-30 16:53:48.709873,RAM_Analyser – run_pipeline.py,unknown
2026-03-30 16:53:53.723848,RAM_Analyser – run_pipeline.py,unknown
2026-03-30 16:53:58.732233,RAM_Analyser – run_pipeline.py,unknown
2026-03-30 16:54:03.739796,RAM_Analyser – run_pipeline.py,unknown
2026-03-30 16:54:08.747135,RAM_Analyser – run_pipeline.py,unknown
2026-03-30 16:54:13.760082,RAM_Analyser – run_pipeline.py,unknown
2026-03-30 16:54:18.768603,RAM_Analyser – run_pipeline.py,unknown
2026-03-30 16:54:23.772835,RAM_Analyser – run_pipeline.py,unknown
