session_id,session_length,pages_visited,unique_domains,domain_switches,category_switches,session_complexity,avg_ram,peak_ram,avg_cpu,ram_per_page,ram_per_domain,ram_per_switch,session_intensity,anomaly_score,is_anomaly
1,0.0,1,1,0,0,1,7595.44,7595.44,58.6,7595.44,7595.44,7595.44,1,0.17856991588749355,False
2,94.740797,8,5,6,5,19,7595.44,7595.44,58.6,949.43,1519.088,1085.0628571428572,19,0.5131163738274345,False
3,9.561719,3,1,0,0,3,7595.44,7595.44,58.6,2531.813333333333,7595.44,7595.44,3,0.004635462297583217,False
4,1012.482342,22,7,13,11,46,7595.44,7595.44,58.6,345.2472727272728,1085.0628571428572,542.5314285714286,46,0.9741563637110977,True
5,769.985649,7,3,3,3,13,7595.44,7595.44,58.6,1085.0628571428572,2531.813333333333,1898.86,13,0.123070339249683,False
6,23.690946,2,1,0,0,2,7595.44,7595.44,58.6,3797.72,7595.44,7595.44,2,0.008546564291870723,False
7,23.187513,2,1,0,0,2,7595.44,7595.44,58.6,3797.72,7595.44,7595.44,2,0.008573732799177707,False
8,63.237668,3,1,0,0,3,7595.44,7595.44,58.6,2531.813333333333,7595.44,7595.44,3,0.004926002337390665,False
9,18.687605,4,1,0,0,4,7595.44,7595.44,58.6,1898.86,7595.44,7595.44,4,0.011683763365625538,False
10,7.542366,4,2,1,1,6,7595.44,7595.44,58.6,1898.86,3797.72,3797.72,6,0.01593472195594093,False
11,30.626098,3,2,2,2,7,7595.44,7595.44,58.6,2531.813333333333,3797.72,2531.813333333333,7,0.03844454012662201,False
12,0.0,1,1,0,0,1,7595.44,7595.44,58.6,7595.44,7595.44,7595.44,1,0.17856991588749355,False
13,0.0,2,1,0,0,2,7595.44,7595.44,58.6,3797.72,7595.44,7595.44,2,0.00989646072735617,False
14,49.596423,3,2,1,1,5,7595.44,7595.44,58.6,2531.813333333333,3797.72,3797.72,5,0.018760770037036082,False
15,356.386529,3,3,2,2,7,7595.44,7595.44,58.6,2531.813333333333,2531.813333333333,2531.813333333333,7,0.10829046304026427,False
16,161.07738,5,3,3,3,11,7595.44,7595.44,58.6,1519.088,2531.813333333333,1898.86,11,0.09839117035079123,False
17,139.032416,3,1,0,0,3,7595.44,7595.44,58.6,2531.813333333333,7595.44,7595.44,3,0.006548403666924946,False
18,1594.926193,19,3,3,0,22,7595.44,7595.44,58.6,399.76,2531.813333333333,1898.86,22,0.1538116592906882,False
19,0.0,1,1,0,0,1,7595.44,7595.44,58.6,7595.44,7595.44,7595.44,1,0.17856991588749355,False
20,870.026453,7,2,2,2,11,7595.44,7595.44,58.6,1085.0628571428572,3797.72,2531.813333333333,11,0.10217997595144394,False
21,118.076068,10,1,0,0,10,7595.44,7595.44,58.6,759.544,7595.44,7595.44,10,0.051529995422901646,False
22,0.051584,2,1,0,0,2,7595.44,7595.44,58.6,3797.72,7595.44,7595.44,2,0.009893362419217691,False
23,163.816482,7,1,0,0,7,7595.44,7595.44,58.6,1085.0628571428572,7595.44,7595.44,7,0.03860581225372618,False
24,12.326561,3,1,0,0,3,7595.44,7595.44,58.6,2531.813333333333,7595.44,7595.44,3,0.004633040541099293,False
25,0.0,1,1,0,0,1,7595.44,7595.44,58.6,7595.44,7595.44,7595.44,1,0.17856991588749355,False
26,0.027107,2,1,0,0,2,7595.44,7595.44,58.6,3797.72,7595.44,7595.44,2,0.009894832543366655,False
27,3268.50861,33,9,16,11,60,7595.44,7595.44,58.6,230.16484848484848,843.9377777777777,446.7905882352941,60,0.985178742462893,True
28,121.966053,7,1,0,0,7,7595.44,7595.44,58.6,1085.0628571428572,7595.44,7595.44,7,0.03515186940487998,False
29,13.169747,2,1,0,0,2,7595.44,7595.44,58.6,3797.72,7595.44,7595.44,2,0.009128072165700581,False
30,44.781147,5,3,2,1,8,7595.44,7595.44,58.6,1519.088,2531.813333333333,2531.813333333333,8,0.08338805091699754,False
31,230.103453,8,2,1,1,10,7595.44,7595.44,58.6,949.43,3797.72,3797.72,10,0.021985010129348947,False
32,910.62558,5,3,2,1,8,7595.44,7595.44,58.6,1519.088,2531.813333333333,2531.813333333333,8,0.1566642119095356,False
33,1593.861133,3,2,1,1,5,7595.44,7595.44,58.6,2531.813333333333,3797.72,3797.72,5,0.22171056848338658,False
34,1.491741,3,2,1,1,5,7595.44,7595.44,58.6,2531.813333333333,3797.72,3797.72,5,0.01985395503047865,False
35,185.152801,4,2,1,1,6,7595.44,7595.44,58.6,1898.86,3797.72,3797.72,6,0.018633219463823292,False
36,955.297981,25,5,10,10,45,7595.44,7595.44,58.6,303.8176,1519.088,690.4945454545455,45,0.2999370824113416,False
37,21.188791,4,1,0,0,4,7595.44,7595.44,58.6,1898.86,7595.44,7595.44,4,0.011751829769863347,False
38,26.961887,3,1,0,0,3,7595.44,7595.44,58.6,2531.813333333333,7595.44,7595.44,3,0.004651680694978467,False
39,1886.70869,32,5,7,5,44,7595.44,7595.44,58.6,237.3575,1519.088,949.43,44,0.074449688235674,False
40,1671.200692,9,2,2,2,13,7595.439999999999,7595.44,58.6,843.9377777777777,3797.7199999999993,2531.813333333333,13,0.28225865998589167,False
41,389.687556,4,1,0,0,4,7595.44,7595.44,58.6,1898.86,7595.44,7595.44,4,0.03866615354941684,False
42,0.0,1,1,0,0,1,7595.44,7595.44,58.6,7595.44,7595.44,7595.44,1,0.17856991588749355,False
43,0.0,1,1,0,0,1,7595.44,7595.44,58.6,7595.44,7595.44,7595.44,1,0.17856991588749355,False
44,0.0,1,1,0,0,1,7595.44,7595.44,58.6,7595.44,7595.44,7595.44,1,0.17856991588749355,False
45,2496.059665,16,3,4,2,22,7595.44,7595.44,58.6,474.715,2531.813333333333,1519.088,22,0.3201191683245143,False
46,1019.740355,6,1,0,0,6,7595.44,7595.44,58.6,1265.9066666666663,7595.44,7595.44,6,0.19514709604727004,False
47,477.108622,2,1,0,0,2,7595.44,7595.44,58.6,3797.72,7595.44,7595.44,2,0.010789079205025325,False
48,258.277392,5,1,0,0,5,7595.44,7595.44,58.6,1519.088,7595.44,7595.44,5,0.035032651386385776,False
49,486.989701,5,1,0,0,5,7595.44,7595.44,58.6,1519.088,7595.44,7595.44,5,0.06375306885760133,False
50,0.0,1,1,0,0,1,7595.44,7595.44,58.6,7595.44,7595.44,7595.44,1,0.17856991588749355,False
51,0.060771,2,1,0,0,2,7595.44,7595.44,58.6,3797.72,7595.44,7595.44,2,0.009892811908315261,False
52,39.287447,5,2,1,1,7,7595.44,7595.44,58.6,1519.088,3797.72,3797.72,7,0.01392633779679907,False
53,0.0,1,1,0,0,1,7595.44,7595.44,58.6,7595.44,7595.44,7595.44,1,0.17856991588749355,False
54,1463.866839,17,2,3,3,23,7595.44,7595.44,58.6,446.7905882352941,3797.72,1898.86,23,0.1676030900080749,False
55,8.465632,3,1,0,0,3,7595.44,7595.44,58.6,2531.813333333333,7595.44,7595.44,3,0.00463694003857324,False
56,31.031382,3,2,2,2,7,7595.44,7595.44,58.6,2531.813333333333,3797.72,2531.813333333333,7,0.038430399180152945,False
57,123.994814,5,1,0,0,5,7595.44,7595.44,58.6,1519.088,7595.44,7595.44,5,0.02408072729747728,False
58,0.0,1,1,0,0,1,7595.44,7595.44,58.6,7595.44,7595.44,7595.44,1,0.17856991588749355,False
59,142.666406,4,1,0,0,4,7595.44,7595.44,58.6,1898.86,7595.44,7595.44,4,0.016917751798845082,False
60,0.0,1,1,0,0,1,7595.44,7595.44,58.6,7595.44,7595.44,7595.44,1,0.17856991588749355,False
61,0.0,1,1,0,0,1,7595.44,7595.44,58.6,7595.44,7595.44,7595.44,1,0.17856991588749355,False
62,15.791363,3,3,2,2,7,7595.44,7595.44,58.6,2531.813333333333,2531.813333333333,2531.813333333333,7,0.1035902642377911,False
63,223.767854,3,2,1,1,5,7595.44,7595.44,58.6,2531.813333333333,3797.72,3797.72,5,0.01955230873806892,False
64,35.645368,2,1,0,0,2,7595.44,7595.44,58.6,3797.72,7595.44,7595.44,2,0.007920715927978253,False
65,0.0,1,1,0,0,1,7595.44,7595.44,58.6,7595.44,7595.44,7595.44,1,0.17856991588749355,False
66,119.159957,6,1,0,0,6,7595.44,7595.44,58.6,1265.9066666666663,7595.44,7595.44,6,0.02962715605502206,False
67,1071.43437,11,3,3,3,17,7595.44,7595.44,58.6,690.4945454545455,2531.813333333333,1898.86,17,0.13796170285865988,False
68,37.920857,3,2,2,2,7,7595.44,7595.44,58.6,2531.813333333333,3797.72,2531.813333333333,7,0.038196379318327756,False
69,0.0,1,1,0,0,1,7595.44,7595.44,58.6,7595.44,7595.44,7595.44,1,0.17856991588749355,False
70,165.36165,5,3,3,2,10,7595.44,7595.44,58.6,1519.088,2531.813333333333,1898.86,10,0.10411452756787883,False
71,2947.020593,36,2,5,5,46,7595.439999999999,7595.44,58.6,210.9844444444444,3797.7199999999993,1265.9066666666663,46,0.5209035685768016,False
72,0.0,1,1,0,0,1,7595.44,7595.44,58.6,7595.44,7595.44,7595.44,1,0.17856991588749355,False
73,54.904288,7,2,1,1,9,7595.44,7595.44,58.6,1085.0628571428572,3797.72,3797.72,9,0.012375842771741823,False
74,72.791466,6,2,1,1,8,7595.44,7595.44,58.6,1265.9066666666663,3797.72,3797.72,8,0.013674066880806423,False
75,66.148211,2,1,0,0,2,7595.44,7595.44,58.6,3797.72,7595.44,7595.44,2,0.006491899656696926,False
76,740.337724,5,2,1,1,7,7595.44,7595.44,58.6,1519.088,3797.72,3797.72,7,0.0784671784653271,False
77,0.0,1,1,0,0,1,7595.44,7595.44,58.6,7595.44,7595.44,7595.44,1,0.17856991588749355,False
78,0.0,1,1,0,0,1,7595.44,7595.44,58.6,7595.44,7595.44,7595.44,1,0.17856991588749355,False
79,345.051663,6,1,0,0,6,7595.44,7595.44,58.6,1265.9066666666663,7595.44,7595.44,6,0.05202544399950048,False
80,0.0,1,1,0,0,1,7595.44,7595.44,58.6,7595.44,7595.44,7595.44,1,0.17856991588749355,False
81,0.0,1,1,0,0,1,7595.44,7595.44,58.6,7595.44,7595.44,7595.44,1,0.17856991588749355,False
82,0.0,1,1,0,0,1,7595.44,7595.44,58.6,7595.44,7595.44,7595.44,1,0.17856991588749355,False
83,0.0,1,1,0,0,1,7595.44,7595.44,58.6,7595.44,7595.44,7595.44,1,0.17856991588749355,False
84,0.0,1,1,0,0,1,7595.44,7595.44,58.6,7595.44,7595.44,7595.44,1,0.17856991588749355,False
85,0.0,1,1,0,0,1,7595.44,7595.44,58.6,7595.44,7595.44,7595.44,1,0.17856991588749355,False
86,0.0,1,1,0,0,1,7595.44,7595.44,58.6,7595.44,7595.44,7595.44,1,0.17856991588749355,False
87,46.71454,4,2,1,1,6,7595.44,7595.44,58.6,1898.86,3797.72,3797.72,6,0.01587475183135274,False
88,0.0,1,1,0,0,1,7595.44,7595.44,58.6,7595.44,7595.44,7595.44,1,0.17856991588749355,False
89,0.0,1,1,0,0,1,7595.44,7595.44,58.6,7595.44,7595.44,7595.44,1,0.17856991588749355,False
90,2.169995,2,1,0,0,2,7595.44,7595.44,58.6,3797.72,7595.44,7595.44,2,0.009766754238795887,False
91,0.0,1,1,0,0,1,7595.44,7595.44,58.6,7595.44,7595.44,7595.44,1,0.17856991588749355,False
92,2.838371,4,2,1,1,6,7595.44,7595.44,58.6,1898.86,3797.72,3797.72,6,0.01596685714850755,False
93,1715.608492,35,1,0,0,35,7595.439999999999,7595.44,58.6,217.0125714285714,7595.439999999999,7595.439999999999,35,0.6269327104585137,True
94,0.177786,3,2,1,1,5,7595.44,7595.44,58.6,2531.813333333333,3797.72,3797.72,5,0.01989176705928864,False
95,0.0,1,1,0,0,1,7595.44,7595.44,58.6,7595.44,7595.44,7595.44,1,0.17856991588749355,False
96,2348.119522,23,3,2,2,27,7595.44,7595.44,58.6,330.2365217391304,2531.813333333333,2531.813333333333,27,0.3364444994253025,False
97,1760.202533,14,2,3,3,20,7595.44,7595.44,58.6,542.5314285714286,3797.72,1898.86,20,0.2707870647259796,False
98,17.842192,2,1,0,0,2,7595.44,7595.44,58.6,3797.72,7595.44,7595.44,2,0.008866279251727652,False
99,9.49925,8,1,0,0,8,7595.44,7595.44,58.6,949.43,7595.44,7595.44,8,0.03285201565587555,False
100,0.0,1,1,0,0,1,7595.44,7595.44,58.6,7595.44,7595.44,7595.44,1,0.17856991588749355,False
101,0.0,1,1,0,0,1,7595.44,7595.44,58.6,7595.44,7595.44,7595.44,1,0.17856991588749355,False
102,0.0,1,1,0,0,1,7595.44,7595.44,58.6,7595.44,7595.44,7595.44,1,0.17856991588749355,False
103,204.875296,2,1,0,0,2,7595.44,7595.44,58.6,3797.72,7595.44,7595.44,2,0.00304071971746541,False
104,0.0,1,1,0,0,1,7595.44,7595.44,58.6,7595.44,7595.44,7595.44,1,0.17856991588749355,False
105,0.0,1,1,0,0,1,7595.44,7595.44,58.6,7595.44,7595.44,7595.44,1,0.17856991588749355,False
106,2354.532182,48,4,8,8,64,7595.44,7595.44,58.6,158.23833333333332,1898.86,843.9377777777777,64,0.10259231051637804,False
107,3161.458832,61,5,12,12,85,7595.44,7595.44,58.6,124.51540983606556,1519.088,584.2646153846154,85,0.17311841314143736,False
108,925.115684,7,2,2,2,11,7595.44,7595.44,58.6,1085.0628571428572,3797.72,2531.813333333333,11,0.11282458444368194,False
109,139.681278,7,2,1,1,9,7595.44,7595.44,58.6,1085.0628571428572,3797.72,3797.72,9,0.015893490838046514,False
110,73.550893,2,1,0,0,2,7595.44,7595.44,58.6,3797.72,7595.44,7595.44,2,0.006181558813486048,False
111,0.0,1,1,0,0,1,7595.44,7595.44,58.6,7595.44,7595.44,7595.44,1,0.17856991588749355,False
112,0.0,1,1,0,0,1,7595.44,7595.44,58.6,7595.44,7595.44,7595.44,1,0.17856991588749355,False
113,43.717691,3,2,2,2,7,7595.44,7595.44,58.6,2531.813333333333,3797.72,2531.813333333333,7,0.038008931040927986,False
114,265.448735,7,2,1,1,9,7595.44,7595.44,58.6,1085.0628571428572,3797.72,3797.72,9,0.02445371414169287,False
115,22.319508,4,2,1,1,6,7595.44,7595.44,58.6,1898.86,3797.72,3797.72,6,0.015868538175313668,False
116,748.851908,6,3,3,1,10,7595.44,7595.44,58.6,1265.9066666666663,2531.813333333333,1898.86,10,0.14394247465641002,False
117,0.0,1,1,0,0,1,7595.44,7595.44,58.6,7595.44,7595.44,7595.44,1,0.17856991588749355,False
118,146.514484,4,1,0,0,4,7595.44,7595.44,58.6,1898.86,7595.44,7595.44,4,0.01714095839513687,False
119,0.0,1,1,0,0,1,7595.44,7595.44,58.6,7595.44,7595.44,7595.44,1,0.17856991588749355,False
120,833.496357,9,2,1,1,11,7595.439999999999,7595.44,58.6,843.9377777777777,3797.7199999999993,3797.7199999999993,11,0.09966819934853902,False
121,488.517435,8,1,0,0,8,7595.44,7595.44,58.6,949.43,7595.44,7595.44,8,0.08650794790976879,False
122,654.450273,5,3,4,4,13,7595.44,7595.44,58.6,1519.088,2531.813333333333,1519.088,13,0.14703536978954337,False
123,4.506744,2,1,0,0,2,7595.44,7595.44,58.6,3797.72,7595.44,7595.44,2,0.009628447431205844,False
124,143.799859,5,1,0,0,5,7595.44,7595.44,58.6,1519.088,7595.44,7595.44,5,0.025421087529894647,False
125,0.0,1,1,0,0,1,7595.44,7595.44,58.6,7595.44,7595.44,7595.44,1,0.17856991588749355,False
126,317.374383,3,2,1,1,5,7595.44,7595.44,58.6,2531.813333333333,3797.72,3797.72,5,0.023052862102551024,False
127,0.0,1,1,0,0,1,7595.44,7595.44,58.6,7595.44,7595.44,7595.44,1,0.17856991588749355,False
128,1109.614066,7,2,2,2,11,7595.44,7595.44,58.6,1085.0628571428572,3797.72,2531.813333333333,11,0.1534434242918196,False
129,2260.44683,9,2,1,1,11,7595.439999999999,7595.44,58.6,843.9377777777777,3797.7199999999993,3797.7199999999993,11,0.47573693340490797,False
130,2176.347362,11,1,0,0,11,7595.44,7595.44,58.6,690.4945454545455,7595.44,7595.44,11,0.6349532912978549,True
131,73.349988,4,3,3,3,10,7595.44,7595.44,58.6,1898.86,2531.813333333333,1898.86,10,0.11230140015743836,False
132,207.429685,16,2,2,2,20,7595.44,7595.44,58.6,474.715,3797.72,2531.813333333333,20,0.01231708427320243,False
133,69.813045,4,2,1,1,6,7595.44,7595.44,58.6,1898.86,3797.72,3797.72,6,0.016013153518061325,False
134,73.295929,2,1,0,0,2,7595.44,7595.44,58.6,3797.72,7595.44,7595.44,2,0.006192011058446544,False
135,0.0,1,1,0,0,1,7595.44,7595.44,58.6,7595.44,7595.44,7595.44,1,0.17856991588749355,False
136,665.432265,7,2,1,1,9,7595.44,7595.44,58.6,1085.0628571428572,3797.72,3797.72,9,0.07065327385656948,False
137,47.559676,3,1,0,0,3,7595.44,7595.44,58.6,2531.813333333333,7595.44,7595.44,3,0.00476755661732928,False
138,0.0,1,1,0,0,1,7595.44,7595.44,58.6,7595.44,7595.44,7595.44,1,0.17856991588749355,False
139,0.0,1,1,0,0,1,7595.44,7595.44,58.6,7595.44,7595.44,7595.44,1,0.17856991588749355,False
140,11.081974,3,1,0,0,3,7595.44,7595.44,58.6,2531.813333333333,7595.44,7595.44,3,0.004633897758832972,False
141,1.805403,3,1,0,0,3,7595.44,7595.44,58.6,2531.813333333333,7595.44,7595.44,3,0.004652334185365486,False
142,0.0,1,1,0,0,1,7595.44,7595.44,58.6,7595.44,7595.44,7595.44,1,0.17856991588749355,False
143,0.0,1,1,0,0,1,7595.44,7595.44,58.6,7595.44,7595.44,7595.44,1,0.17856991588749355,False
144,0.555007,2,2,1,1,4,7595.44,7595.44,58.6,3797.72,3797.72,3797.72,4,0.03814535588214473,False
145,120.350102,4,2,2,2,8,7595.44,7595.44,58.6,1898.86,3797.72,2531.813333333333,8,0.03213233217876137,False
146,45.373265,3,2,2,2,7,7595.44,7595.44,58.6,2531.813333333333,3797.72,2531.813333333333,7,0.03795698999423807,False
147,138.213076,2,1,0,0,2,7595.44,7595.44,58.6,3797.72,7595.44,7595.44,2,0.004075581580281291,False
148,154.140181,14,2,1,1,16,7595.44,7595.44,58.6,542.5314285714286,3797.72,3797.72,16,0.017067075857145023,False
149,17.571242,2,1,0,0,2,7595.44,7595.44,58.6,3797.72,7595.44,7595.44,2,0.008881303291598952,False
150,1.499143,2,1,0,0,2,7595.44,7595.44,58.6,3797.72,7595.44,7595.44,2,0.00980671982580302,False
151,314.281855,4,1,0,0,4,7595.44,7595.44,58.6,1898.86,7595.44,7595.44,4,0.030428791898795472,False
152,430.235704,7,3,3,3,13,7595.44,7595.44,58.6,1085.0628571428572,2531.813333333333,1898.86,13,0.09061476335794909,False
153,828.869081,4,2,1,0,5,7595.44,7595.44,58.6,1898.86,3797.72,3797.72,5,0.09595667712113921,False
154,0.0,1,1,0,0,1,7595.44,7595.44,58.6,7595.44,7595.44,7595.44,1,0.17856991588749355,False
155,0.0,1,1,0,0,1,7595.44,7595.44,58.6,7595.44,7595.44,7595.44,1,0.17856991588749355,False
156,56.88496,4,3,3,3,10,7595.44,7595.44,58.6,1898.86,2531.813333333333,1898.86,10,0.11282426694998292,False
157,0.0,1,1,0,0,1,7595.44,7595.44,58.6,7595.44,7595.44,7595.44,1,0.17856991588749355,False
158,4.075917,3,2,1,1,5,7595.44,7595.44,58.6,2531.813333333333,3797.72,3797.72,5,0.019780787465715766,False
159,104.063306,15,5,12,11,38,7595.44,7595.44,58.6,506.36266666666666,1519.088,584.2646153846154,38,0.853471461021486,True
160,18.123737,2,1,0,0,2,7595.44,7595.44,58.6,3797.72,7595.44,7595.44,2,0.008850686516204475,False
161,42.231543,3,1,0,0,3,7595.44,7595.44,58.6,2531.813333333333,7595.44,7595.44,3,0.004727531746530425,False
162,0.0,1,1,0,0,1,7595.44,7595.44,58.6,7595.44,7595.44,7595.44,1,0.17856991588749355,False
163,13.756247,5,1,0,0,5,7595.44,7595.44,58.6,1519.088,7595.44,7595.44,5,0.0183583578066365,False
164,4.472018,2,1,0,0,2,7595.44,7595.44,58.6,3797.72,7595.44,7595.44,2,0.009630492336446457,False
165,16.913609,8,1,0,0,8,7595.44,7595.44,58.6,949.43,7595.44,7595.44,8,0.03325657324709095,False
166,3963.527614,46,1,0,0,46,7595.44,7595.44,58.6,165.1182608695652,7595.44,7595.44,46,1.7650495440807894,True
167,1635.333886,12,5,7,6,25,7595.44,7595.44,58.6,632.9533333333333,1519.088,949.43,25,0.36317543236187433,False
168,467.066593,4,2,1,1,6,7595.44,7595.44,58.6,1898.86,3797.72,3797.72,6,0.038665316408977836,False
169,111.649389,5,3,3,3,11,7595.44,7595.44,58.6,1519.088,2531.813333333333,1898.86,11,0.09871305275278537,False
170,10.620472,3,2,1,1,5,7595.44,7595.44,58.6,2531.813333333333,3797.72,3797.72,5,0.019602841037454903,False
171,5.259876,3,1,0,0,3,7595.44,7595.44,58.6,2531.813333333333,7595.44,7595.44,3,0.004642983662887669,False
172,883.611504,14,4,3,3,20,7595.44,7595.44,58.6,542.5314285714286,1898.86,1898.86,20,0.19028124173167965,False
173,29.202042,3,2,2,2,7,7595.44,7595.44,58.6,2531.813333333333,3797.72,2531.813333333333,7,0.038494601332214114,False
174,0.0,1,1,0,0,1,7595.44,7595.44,58.6,7595.44,7595.44,7595.44,1,0.17856991588749355,False
175,3695.788278,72,16,27,9,108,7595.439999999999,7595.44,58.6,105.4922222222222,474.7149999999999,271.26571428571424,108,4.113618647167725,True
176,0.0,1,1,0,0,1,7595.44,7595.44,58.6,7595.44,7595.44,7595.44,1,0.17856991588749355,False
177,0.0,1,1,0,0,1,7595.44,7595.44,58.6,7595.44,7595.44,7595.44,1,0.17856991588749355,False
178,84.675681,6,3,3,3,12,7595.44,7595.44,58.6,1265.9066666666663,2531.813333333333,1898.86,12,0.08964786432573395,False
179,7.289678,2,1,0,0,2,7595.44,7595.44,58.6,3797.72,7595.44,7595.44,2,0.009465578085830052,False
180,5.786642,2,1,0,0,2,7595.44,7595.44,58.6,3797.72,7595.44,7595.44,2,0.009553292109881945,False
181,51.095377,10,2,1,1,12,7595.44,7595.44,58.6,759.544,3797.72,3797.72,12,0.010811277344697464,False
182,1.522463,2,1,0,0,2,7595.44,7595.44,58.6,3797.72,7595.44,7595.44,2,0.009805329216744652,False
183,470.969392,19,4,8,3,30,7595.44,7595.44,58.6,399.76,1898.86,843.9377777777777,30,0.2593786182750758,False
184,241.431782,6,2,1,1,8,7595.44,7595.44,58.6,1265.9066666666663,3797.72,3797.72,8,0.022267027053965403,False
185,0.85346,2,1,0,0,2,7595.44,7595.44,58.6,3797.72,7595.44,7595.44,2,0.009845302602057128,False
186,560.510217,9,1,0,0,9,7595.439999999999,7595.44,58.6,843.9377777777777,7595.439999999999,7595.439999999999,9,0.10614232647688,False
187,99.640755,12,1,0,0,12,7595.44,7595.44,58.6,632.9533333333333,7595.44,7595.44,12,0.06392413360146758,False
188,32.887703,2,1,0,0,2,7595.44,7595.44,58.6,3797.72,7595.44,7595.44,2,0.008061797960315292,False
189,0.0,1,1,0,0,1,7595.44,7595.44,58.6,7595.44,7595.44,7595.44,1,0.17856991588749355,False
190,403.152716,7,2,1,1,9,7595.44,7595.44,58.6,1085.0628571428572,3797.72,3797.72,9,0.03720265168090619,False
191,337.430951,12,2,1,1,14,7595.44,7595.44,58.6,632.9533333333333,3797.72,3797.72,14,0.028847560583408087,False
192,0.0,1,1,0,0,1,7595.44,7595.44,58.6,7595.44,7595.44,7595.44,1,0.17856991588749355,False
193,2650.30904,60,11,20,9,89,7595.44,7595.44,58.6,126.59066666666666,690.4945454545455,361.687619047619,89,1.4536366800040252,True
194,0.0,1,1,0,0,1,7595.44,7595.44,58.6,7595.44,7595.44,7595.44,1,0.17856991588749355,False
195,991.397244,19,2,5,5,29,7595.44,7595.44,58.6,399.76,3797.72,1265.9066666666663,29,0.10024444807670572,False
196,208.560965,28,1,0,0,28,7595.44,7595.44,58.6,271.2657142857143,7595.44,7595.44,28,0.2392028573141392,False
197,207.519119,2,2,1,1,4,7595.44,7595.44,58.6,3797.72,3797.72,3797.72,4,0.025531930062999482,False
198,45.955478,4,3,2,2,8,7595.44,7595.44,58.6,1898.86,2531.813333333333,2531.813333333333,8,0.08753552730738814,False
199,1266.205825,27,7,11,5,43,7595.439999999999,7595.44,58.6,281.3125925925925,1085.062857142857,632.9533333333333,43,0.6753987130179492,True
200,1104.708175,14,4,7,7,28,7595.44,7595.44,58.6,542.5314285714286,1898.86,949.43,28,0.22159895865062987,False
201,0.0,1,1,0,0,1,7595.44,7595.44,58.6,7595.44,7595.44,7595.44,1,0.17856991588749355,False
202,393.070513,13,2,2,2,17,7595.44,7595.44,58.60000000000001,584.2646153846155,3797.72,2531.813333333333,17,0.024656586311070476,False
203,468.11091,13,4,6,6,25,7595.44,7595.44,58.60000000000001,584.2646153846155,1898.86,1085.0628571428572,25,0.21494825201732107,False
204,1400.590283,16,2,2,2,20,7595.44,7595.44,58.6,474.715,3797.72,2531.813333333333,20,0.1814445215718841,False
205,0.0,1,1,0,0,1,7595.44,7595.44,58.6,7595.44,7595.44,7595.44,1,0.17856991588749355,False
206,2564.421877,14,3,3,3,20,7595.44,7595.44,58.6,542.5314285714286,2531.813333333333,1898.86,20,0.3802349214018687,False
207,15.611211,3,2,1,1,5,7595.44,7595.44,58.6,2531.813333333333,3797.72,3797.72,5,0.019474215033407703,False
208,0.0,1,1,0,0,1,7595.44,7595.44,58.6,7595.44,7595.44,7595.44,1,0.17856991588749355,False
209,0.0,1,1,0,0,1,7595.44,7595.44,58.6,7595.44,7595.44,7595.44,1,0.17856991588749355,False
210,0.0,1,1,0,0,1,7595.44,7595.44,58.6,7595.44,7595.44,7595.44,1,0.17856991588749355,False
211,0.840852,2,1,0,0,2,7595.44,7595.44,58.6,3797.72,7595.44,7595.44,2,0.009846057093789894,False
212,0.0,1,1,0,0,1,7595.44,7595.44,58.6,7595.44,7595.44,7595.44,1,0.17856991588749355,False
213,3.415414,2,1,0,0,2,7595.44,7595.44,58.6,3797.72,7595.44,7595.44,2,0.009692863319512792,False
214,3239.055433,25,3,7,7,39,7595.44,7595.44,58.6,303.8176,2531.813333333333,949.43,39,0.41130089569608247,False
215,109.275468,2,1,0,0,2,7595.44,7595.44,58.6,3797.72,7595.44,7595.44,2,0.004883871938286483,False
216,91.046238,2,1,0,0,2,7595.44,7595.44,58.6,3797.72,7595.44,7595.44,2,0.005504650522972053,False
217,2900.19973,31,4,6,6,43,7595.44,7595.44,58.6,245.01419354838708,1898.86,1085.0628571428572,43,0.17097838720461866,False
218,4.112404,3,1,0,0,3,7595.44,7595.44,58.6,2531.813333333333,7595.44,7595.44,3,0.004645758676937131,False
219,1412.364229,6,3,3,2,11,7595.44,7595.44,58.6,1265.9066666666663,2531.813333333333,1898.86,11,0.20533408711992335,False
220,394.895564,2,1,0,0,2,7595.44,7595.44,58.6,3797.72,7595.44,7595.44,2,0.00642147269957278,False
221,2009.473661,15,4,9,6,30,7595.44,7595.44,58.6,506.36266666666666,1898.86,759.544,30,0.36558303248827945,False
222,0.818464,2,1,0,0,2,7595.44,7595.44,58.6,3797.72,7595.44,7595.44,2,0.009847390310396633,False
223,1323.33693,4,1,0,0,4,7595.44,7595.44,58.6,1898.86,7595.44,7595.44,4,0.2663720046343353,False
224,0.0,1,1,0,0,1,7595.44,7595.44,58.6,7595.44,7595.44,7595.44,1,0.17856991588749355,False
225,45.170734,3,1,0,0,3,7595.44,7595.44,58.6,2531.813333333333,7595.44,7595.44,3,0.004748744343322571,False
226,2.878301,3,1,0,0,3,7595.44,7595.44,58.6,2531.813333333333,7595.44,7595.44,3,0.004649110779702421,False
227,7.865232,2,1,0,0,2,7595.44,7595.44,58.6,3797.72,7595.44,7595.44,2,0.009432146568647553,False
228,74.275277,2,2,1,1,4,7595.44,7595.44,58.6,3797.72,3797.72,3797.72,4,0.03237754884674563,False
229,1589.116021,20,4,4,3,27,7595.44,7595.44,58.6,379.772,1898.86,1519.088,27,0.13875819587067115,False
230,1825.215527,19,4,8,7,34,7595.44,7595.44,58.6,399.76,1898.86,843.9377777777777,34,0.21944931726322717,False
231,57.426178,5,3,3,3,11,7595.44,7595.44,58.6,1519.088,2531.813333333333,1898.86,11,0.09962080224360845,False
232,146.167425,24,7,14,2,40,7595.44,7595.44,58.6,316.47666666666663,1085.0628571428572,506.36266666666666,40,1.432735837557652,True
233,63.050283,5,4,4,4,13,7595.44,7595.44,58.6,1519.088,1898.86,1519.088,13,0.26264681546158253,False
234,0.0,1,1,0,0,1,7595.44,7595.44,58.6,7595.44,7595.44,7595.44,1,0.17856991588749355,False
235,0.0,1,1,0,0,1,7595.44,7595.44,58.6,7595.44,7595.44,7595.44,1,0.17856991588749355,False
236,0.0,1,1,0,0,1,7595.44,7595.44,58.6,7595.44,7595.44,7595.44,1,0.17856991588749355,False
237,191.409185,15,3,3,1,19,7595.44,7595.44,58.6,506.36266666666666,2531.813333333333,1898.86,19,0.03760987628969527,False
238,41.529598,3,1,0,0,3,7595.44,7595.44,58.6,2531.813333333333,7595.44,7595.44,3,0.004722778954926835,False
239,1.777806,2,1,0,0,2,7595.44,7595.44,58.6,3797.72,7595.44,7595.44,2,0.009790105967976347,False
240,31.557,3,2,2,2,7,7595.44,7595.44,58.6,2531.813333333333,3797.72,2531.813333333333,7,0.03841211025406536,False
241,87.561648,9,4,3,2,14,7595.439999999999,7595.44,58.6,843.9377777777777,1898.86,1898.86,14,0.20069958930133483,False
242,17.8995,2,1,0,0,2,7595.44,7595.44,58.6,3797.72,7595.44,7595.44,2,0.008863103063309381,False
243,621.14428,6,3,3,3,12,7595.44,7595.44,58.6,1265.9066666666663,2531.813333333333,1898.86,12,0.11247754086018762,False
244,0.0,1,1,0,0,1,7595.44,7595.44,58.6,7595.44,7595.44,7595.44,1,0.17856991588749355,False
245,1.236415,2,1,0,0,2,7595.44,7595.44,58.6,3797.72,7595.44,7595.44,2,0.009822407024375335,False
246,0.0,1,1,0,0,1,7595.44,7595.44,58.6,7595.44,7595.44,7595.44,1,0.17856991588749355,False
247,196.864361,9,5,7,7,23,7595.439999999999,7595.44,58.6,843.9377777777777,1519.0879999999995,949.4299999999998,23,0.5290827471905682,False
248,724.564414,6,3,3,3,12,7595.44,7595.44,58.6,1265.9066666666663,2531.813333333333,1898.86,12,0.12378482661838885,False
249,1993.150644,14,6,6,5,25,7595.44,7595.44,58.6,542.5314285714286,1265.9066666666663,1085.0628571428572,25,0.5451724441149348,False
250,684.288444,2,2,1,1,4,7595.44,7595.44,58.6,3797.72,3797.72,3797.72,4,0.036754553497381486,False
251,418.113424,22,2,2,2,26,7595.44,7595.44,58.6,345.2472727272728,3797.72,2531.813333333333,26,0.035304279669726206,False
252,1734.438325,13,3,3,3,19,7595.44,7595.44,58.60000000000001,584.2646153846155,2531.813333333333,1898.86,19,0.21876515656181553,False
253,1046.300331,9,1,0,0,9,7595.439999999999,7595.44,58.6,843.9377777777777,7595.439999999999,7595.439999999999,9,0.21911810866160614,False
254,1212.574294,12,4,4,2,18,7595.44,7595.44,58.6,632.9533333333333,1898.86,1519.088,18,0.21396504471197725,False
255,72.319939,2,2,1,1,4,7595.44,7595.44,58.6,3797.72,3797.72,3797.72,4,0.03251231380982055,False
256,69.365992,5,3,3,3,11,7595.44,7595.44,58.6,1519.088,2531.813333333333,1898.86,11,0.09937108499229762,False
257,0.442487,2,1,0,0,2,7595.44,7595.44,58.6,3797.72,7595.44,7595.44,2,0.009869913860193745,False
258,71.252875,4,1,0,0,4,7595.44,7595.44,58.6,1898.86,7595.44,7595.44,4,0.01343922473706524,False
259,367.345835,6,3,5,5,16,7595.44,7595.44,58.6,1265.9066666666663,2531.813333333333,1265.9066666666663,16,0.16605367128192577,False
260,583.295683,21,2,3,3,27,7595.44,7595.44,58.60000000000001,361.687619047619,3797.72,1898.86,27,0.03568170360463606,False
261,72.681427,2,1,0,0,2,7595.44,7595.44,58.6,3797.72,7595.44,7595.44,2,0.006217267035878833,False
262,0.0,1,1,0,0,1,7595.44,7595.44,58.6,7595.44,7595.44,7595.44,1,0.17856991588749355,False
263,2.767991,3,2,2,2,7,7595.44,7595.44,58.6,2531.813333333333,3797.72,2531.813333333333,7,0.03951839520115761,False
264,0.0,1,1,0,0,1,7595.44,7595.44,58.6,7595.44,7595.44,7595.44,1,0.17856991588749355,False
265,0.351061,2,1,0,0,2,7595.44,7595.44,58.6,3797.72,7595.44,7595.44,2,0.00987539715645813,False
266,429.859522,2,2,1,1,4,7595.44,7595.44,58.6,3797.72,3797.72,3797.72,4,0.024370349476369357,False
267,232.900195,4,2,2,2,8,7595.44,7595.44,58.6,1898.86,3797.72,2531.813333333333,8,0.034744607145598405,False
268,5.453967,4,1,0,0,4,7595.44,7595.44,58.6,1898.86,7595.44,7595.44,4,0.01134937955255034,False
269,8.522759,4,2,1,1,6,7595.44,7595.44,58.6,1898.86,3797.72,3797.72,6,0.015928692956853025,False
270,2093.622404,10,3,4,2,16,7595.44,7595.44,58.6,759.544,2531.813333333333,1519.088,16,0.28709151710648323,False
271,713.926028,4,1,0,0,4,7595.44,7595.44,58.6,1898.86,7595.44,7595.44,4,0.09280794616575726,False
272,1403.240421,18,3,2,2,22,7595.439999999999,7595.44,58.6,421.9688888888888,2531.813333333333,2531.813333333333,22,0.15172163258448484,False
273,1.493689,3,2,2,2,7,7595.44,7595.44,58.6,2531.813333333333,3797.72,2531.813333333333,7,0.03957228220193874,False
274,19.54055,5,3,2,2,9,7595.44,7595.44,58.6,1519.088,2531.813333333333,2531.813333333333,9,0.07825548101603859,False
275,368.891855,5,2,1,1,7,7595.44,7595.44,58.6,1519.088,3797.72,3797.72,7,0.03180424670340589,False
276,255.699987,6,1,0,0,6,7595.44,7595.44,58.6,1265.9066666666663,7595.44,7595.44,6,0.04170129427514063,False
277,29.116105,3,1,0,0,3,7595.44,7595.44,58.6,2531.813333333333,7595.44,7595.44,3,0.004658890069241324,False
278,4111.404483,72,1,0,0,72,7595.439999999999,7595.44,58.6,105.4922222222222,7595.439999999999,7595.439999999999,72,2.6419752674737684,True
279,1132.845649,19,1,0,0,19,7595.44,7595.44,58.6,399.76,7595.44,7595.44,19,0.290319171798871,False
280,1972.811453,46,3,6,6,58,7595.44,7595.44,58.6,165.1182608695652,2531.813333333333,1085.0628571428572,58,0.18540194695854922,False
281,502.576034,10,3,2,2,14,7595.44,7595.44,58.6,759.544,2531.813333333333,2531.813333333333,14,0.07391339752944528,False
282,245.251475,4,2,2,2,8,7595.44,7595.44,58.6,1898.86,3797.72,2531.813333333333,8,0.03523647653927686,False
283,0.0,1,1,0,0,1,7595.44,7595.44,58.6,7595.44,7595.44,7595.44,1,0.17856991588749355,False
284,116.402772,3,1,0,0,3,7595.44,7595.44,58.6,2531.813333333333,7595.44,7595.44,3,0.005915405812944862,False
285,1075.980734,9,1,0,0,9,7595.439999999999,7595.44,58.6,843.9377777777777,7595.439999999999,7595.439999999999,9,0.22761350685721468,False
286,0.0,1,1,0,0,1,7595.44,7595.44,58.6,7595.44,7595.44,7595.44,1,0.17856991588749355,False
287,4.01333,3,1,0,0,3,7595.44,7595.44,58.6,2531.813333333333,7595.44,7595.44,3,0.004646018110429568,False
288,853.022725,3,3,2,1,6,7595.44,7595.44,58.6,2531.813333333333,2531.813333333333,2531.813333333333,6,0.15046361314045018,False
289,0.0,1,1,0,0,1,7595.44,7595.44,58.6,7595.44,7595.44,7595.44,1,0.17856991588749355,False
290,7826.137096,53,4,5,3,61,7595.44,7595.44,58.6,143.3101886792453,1898.86,1265.9066666666668,61,3.339491599172327,True
291,2.293627,5,2,1,0,6,7595.44,7595.44,58.6,1519.088,3797.72,3797.72,6,0.017174961456236964,False
292,1395.072058,8,3,7,7,22,7595.44,7595.44,58.6,949.43,2531.813333333333,949.43,22,0.31146663046514694,False
293,0.501517,3,2,1,1,5,7595.44,7595.44,58.6,2531.813333333333,3797.72,3797.72,5,0.019882413332672388,False
294,121.803481,2,2,1,1,4,7595.44,7595.44,58.6,3797.72,3797.72,3797.72,4,0.02940694575764314,False
295,22.629178,3,1,0,0,3,7595.44,7595.44,58.6,2531.813333333333,7595.44,7595.44,3,0.004640648214556034,False
296,31.250856,5,3,2,1,8,7595.44,7595.44,58.6,1519.088,2531.813333333333,2531.813333333333,8,0.08342000208245845,False
297,572.402098,16,6,8,7,31,7595.44,7595.44,58.6,474.715,1265.9066666666663,843.9377777777777,31,0.6033385221123185,True
298,4602.082856,40,9,19,18,77,7595.44,7595.44,58.6,189.886,843.9377777777777,379.772,77,0.920912189726969,True
299,3588.251022,56,3,3,1,60,7595.44,7595.44,58.6,135.63285714285715,2531.813333333333,1898.86,60,0.8621975563907609,True
300,3085.106673,27,3,3,0,30,7595.439999999999,7595.44,58.6,281.3125925925925,2531.813333333333,1898.86,30,0.476551625450131,False
301,3344.539846,44,3,4,0,48,7595.44,7595.44,58.6,172.62363636363636,2531.813333333333,1519.088,48,0.5174223116152356,False
302,7519.447328,107,10,21,13,141,7595.44,7595.44,58.6,70.98542056074766,759.544,345.2472727272728,141,0.4388607941486694,False
303,4778.46263,87,5,6,5,98,7595.439999999999,7595.44,58.6,87.303908045977,1519.0879999999995,1085.062857142857,98,1.289267696954953,True
304,1768.445156,33,2,1,0,34,7595.44,7595.44,58.6,230.16484848484848,3797.72,3797.72,34,0.3683878197556541,False
305,1159.217917,24,2,1,0,25,7595.44,7595.44,58.6,316.47666666666663,3797.72,3797.72,25,0.1842466361396645,False
306,2808.904316,113,1,0,0,113,7595.44,7595.44,58.6,67.21628318584071,7595.44,7595.44,113,4.688952955553164,True
307,0.0,1,1,0,0,1,7595.44,7595.44,58.6,7595.44,7595.44,7595.44,1,0.17856991588749355,False
308,80.272301,17,5,7,4,28,7595.44,7595.44,58.6,446.7905882352941,1519.088,949.43,28,0.41843127047629497,False
309,3041.252665,171,14,30,27,228,7595.44,7595.44,58.6,44.41777777777777,542.5314285714286,245.01419354838708,228,4.755021045893733,True
310,44.023432,6,2,1,1,8,7595.44,7595.44,58.6,1265.9066666666663,3797.72,3797.72,8,0.012922359276860007,False
311,0.0,1,1,0,0,1,7595.44,7595.44,58.6,7595.44,7595.44,7595.44,1,0.17856991588749355,False
312,45.102901,2,2,1,1,4,7595.44,7595.44,58.6,3797.72,3797.72,3797.72,4,0.03449129360237086,False
313,10.615342,7,2,3,3,13,7595.44,7595.44,58.6,1085.0628571428572,3797.72,1898.86,13,0.0520117393160831,False
314,31.744917,7,2,1,1,9,7595.44,7595.44,58.6,1085.0628571428572,3797.72,3797.72,9,0.011719050824402668,False
315,26.08942,4,2,1,1,6,7595.44,7595.44,58.6,1898.86,3797.72,3797.72,6,0.015860113977714196,False
316,5.499605,2,2,1,1,4,7595.44,7595.44,58.6,3797.72,3797.72,3797.72,4,0.037714341822651425,False
317,439.278613,18,3,3,3,24,7595.439999999999,7595.44,58.6,421.9688888888888,2531.813333333333,1898.86,24,0.02297555083797642,False
318,128.528711,11,2,1,1,13,7595.44,7595.44,58.6,690.4945454545455,3797.72,3797.72,13,0.014798809923740113,False
319,0.0,1,1,0,0,1,7595.44,7595.44,58.6,7595.44,7595.44,7595.44,1,0.17856991588749355,False
320,0.0,1,1,0,0,1,7595.44,7595.44,58.6,7595.44,7595.44,7595.44,1,0.17856991588749355,False
321,61.072563,11,4,7,4,22,7595.44,7595.44,58.6,690.4945454545455,1898.86,949.43,22,0.3460826411874193,False
322,12.413188,2,2,1,1,4,7595.44,7595.44,58.6,3797.72,3797.72,3797.72,4,0.03712236119177903,False
323,843.618633,87,2,4,4,95,7595.439999999999,7595.44,58.6,87.303908045977,3797.7199999999993,1519.0879999999995,95,1.8262611125093173,True
324,0.0,1,1,0,0,1,7595.44,7595.44,58.6,7595.44,7595.44,7595.44,1,0.17856991588749355,False
325,13.11044,3,2,1,1,5,7595.44,7595.44,58.6,2531.813333333333,3797.72,3797.72,5,0.0195378998118061,False
326,0.0,1,1,0,0,1,7595.44,7595.44,58.6,7595.44,7595.44,7595.44,1,0.17856991588749355,False
327,149.86615,12,2,1,1,14,7595.44,7595.44,58.6,632.9533333333333,3797.72,3797.72,14,0.015793067531750363,False
328,655.016008,33,1,0,0,33,7595.44,7595.44,58.6,230.16484848484848,7595.44,7595.44,33,0.36324719958471813,False
329,1549.93043,42,5,5,5,52,7595.44,7595.44,58.60000000000001,180.8438095238095,1519.088,1265.9066666666663,52,0.10161260052798052,False
330,1010.477819,14,2,1,1,16,7595.44,7595.44,58.6,542.5314285714286,3797.72,3797.72,16,0.13127164958944942,False
331,3706.105199,87,5,15,14,116,7595.439999999999,7595.44,58.6,87.303908045977,1519.0879999999995,474.7149999999999,116,0.7440461551026277,True
332,604.389088,15,1,0,0,15,7595.44,7595.44,58.6,506.36266666666666,7595.44,7595.44,15,0.14669759987690686,False
333,123.874226,6,1,0,0,6,7595.44,7595.44,58.6,1265.9066666666663,7595.44,7595.44,6,0.029969020985605364,False
334,555.968559,12,2,2,2,16,7595.44,7595.44,58.6,632.9533333333333,3797.72,2531.813333333333,16,0.0419998854827623,False
335,49.454551,8,2,1,1,10,7595.44,7595.44,58.6,949.43,3797.72,3797.72,10,0.011017353679790206,False
336,179.609977,9,2,4,4,17,7595.439999999999,7595.44,58.6,843.9377777777777,3797.7199999999993,1519.0879999999995,17,0.07662740241210149,False
337,74.937457,6,1,0,0,6,7595.44,7595.44,58.6,1265.9066666666663,7595.44,7595.44,6,0.026682714477231584,False
338,0.0,2,2,1,0,3,7595.44,7595.44,58.6,3797.72,3797.72,3797.72,3,0.0375785671284121,False
339,41.358445,2,1,0,0,2,7595.44,7595.44,58.6,3797.72,7595.44,7595.44,2,0.007634722825111567,False
340,174.206762,15,3,4,4,23,7595.44,7595.44,58.6,506.36266666666666,2531.813333333333,1519.088,23,0.04245480425339913,False
341,155.499673,4,3,2,2,8,7595.44,7595.44,58.6,1898.86,2531.813333333333,2531.813333333333,8,0.08724785253015666,False
342,0.0,1,1,0,0,1,7595.44,7595.44,58.6,7595.44,7595.44,7595.44,1,0.17856991588749355,False
343,1.223651,3,1,0,0,3,7595.44,7595.44,58.6,2531.813333333333,7595.44,7595.44,3,0.004654199192366737,False
344,3.555119,5,2,1,1,7,7595.44,7595.44,58.6,1519.088,3797.72,3797.72,7,0.013587510396883305,False
345,313.290137,4,1,0,0,4,7595.44,7595.44,58.6,1898.86,7595.44,7595.44,4,0.030329812339614758,False
346,387.057642,29,5,8,7,44,7595.44,7595.44,58.6,261.911724137931,1519.088,843.9377777777777,44,0.23585780695006284,False
347,488.643157,8,3,3,3,14,7595.44,7595.44,58.6,949.43,2531.813333333333,1898.86,14,0.087244709602554,False
348,1365.757516,31,2,1,1,33,7595.44,7595.44,58.6,245.01419354838708,3797.72,3797.72,33,0.26825660330843903,False
349,0.0,2,1,0,0,2,7595.44,7595.44,58.6,3797.72,7595.44,7595.44,2,0.00989646072735617,False
350,0.0,1,1,0,0,1,7595.44,7595.44,58.6,7595.44,7595.44,7595.44,1,0.17856991588749355,False
351,1.217058,4,1,0,0,4,7595.44,7595.44,58.6,1898.86,7595.44,7595.44,4,0.011251466643113916,False
352,0.0,2,1,0,0,2,7595.44,7595.44,58.6,3797.72,7595.44,7595.44,2,0.009896463587501467,False
353,244.871644,3,1,0,0,3,7595.44,7595.44,58.6,2531.813333333333,7595.44,7595.44,3,0.011188824678721189,False
354,12.896684,3,2,1,1,5,7595.44,7595.44,58.6,2531.813333333333,3797.72,3797.72,5,0.01954341214264487,False
355,26.548473,8,2,1,0,9,7595.44,7595.44,58.6,949.43,3797.72,3797.72,9,0.013698622000514273,False
356,1284.208503,32,3,5,4,41,7595.44,7595.44,58.6,237.3575,2531.813333333333,1265.9066666666663,41,0.029265117505464944,False
357,970.987862,10,1,0,0,10,7595.44,7595.44,58.6,759.544,7595.44,7595.44,10,0.20396199579623436,False
358,744.299283,12,2,1,1,14,7595.44,7595.44,58.6,632.9533333333333,3797.72,3797.72,14,0.08103324620607741,False
359,3100.345406,55,4,6,6,67,7595.44,7595.44,58.6,138.09890909090907,1898.86,1085.0628571428572,67,0.3084683230479296,False
360,101.919925,10,3,2,2,14,7595.44,7595.44,58.6,759.544,2531.813333333333,2531.813333333333,14,0.05071902362696423,False
361,0.500069,4,1,0,0,4,7595.44,7595.44,58.6,1898.86,7595.44,7595.44,4,0.011235329670726978,False
362,0.0,2,1,0,0,2,7595.44,7595.44,58.6,3797.72,7595.44,7595.44,2,0.00989646072735617,False
363,118.437105,4,1,0,0,4,7595.44,7595.44,58.6,1898.86,7595.44,7595.44,4,0.015596341015616242,False
364,1677.038325,38,3,2,2,42,7595.44,7595.44,58.6,199.88,2531.813333333333,2531.813333333333,42,0.23557516493403025,False
365,36.541515,9,2,1,1,11,7595.439999999999,7595.44,58.6,843.9377777777777,3797.7199999999993,3797.7199999999993,11,0.009913664216749269,False
366,892.846059,20,2,1,1,22,7595.44,7595.44,58.6,379.772,3797.72,3797.72,22,0.11263296801007538,False
367,142.28982,12,1,0,0,12,7595.44,7595.44,58.6,632.9533333333333,7595.44,7595.44,12,0.06762271103034435,False
368,0.0,2,1,0,0,2,7595.44,7595.44,58.6,3797.72,7595.44,7595.44,2,0.00989646072735617,False
369,924.479174,34,5,10,10,54,7595.44,7595.44,58.6,223.39529411764704,1519.088,690.4945454545455,54,0.18490600320636016,False
370,128.28922,4,3,2,2,8,7595.44,7595.44,58.6,1898.86,2531.813333333333,2531.813333333333,8,0.087193871725072,False
371,0.0,1,1,0,0,1,7595.44,7595.44,58.6,7595.44,7595.44,7595.44,1,0.17856991588749355,False
372,826.284725,40,4,7,7,54,7595.44,7595.44,58.6,189.886,1898.86,949.43,54,0.040852493499698536,False
373,308.133535,9,1,0,0,9,7595.439999999999,7595.44,58.6,843.9377777777777,7595.439999999999,7595.439999999999,9,0.06556442726606673,False
374,0.0,1,1,0,0,1,7595.44,7595.44,58.6,7595.44,7595.44,7595.44,1,0.17856991588749355,False
375,3.817732,2,1,0,0,2,7595.44,7595.44,58.6,3797.72,7595.44,7595.44,2,0.009669080468178772,False
376,102.908361,2,1,0,0,2,7595.44,7595.44,58.6,3797.72,7595.44,7595.44,2,0.005090892573245387,False
377,1425.609053,7,3,3,3,13,7595.44,7595.44,58.6,1085.0628571428572,2531.813333333333,1898.86,13,0.20178221592560278,False
378,0.0,1,1,0,0,1,7595.44,7595.44,58.6,7595.44,7595.44,7595.44,1,0.17856991588749355,False
379,4.813558,2,2,1,1,4,7595.44,7595.44,58.6,3797.72,3797.72,3797.72,4,0.03777376843413071,False
380,0.336098,2,1,0,0,2,7595.44,7595.44,58.6,3797.72,7595.44,7595.44,2,0.009876287520001,False
381,0.159331,3,2,2,0,5,7595.44,7595.44,58.6,2531.813333333333,3797.72,2531.813333333333,5,0.041087849221081725,False
382,450.807986,13,1,0,0,13,7595.44,7595.44,58.60000000000001,584.2646153846155,7595.44,7595.44,13,0.11220488821695483,False
383,20.881157,2,1,0,0,2,7595.44,7595.44,58.6,3797.72,7595.44,7595.44,2,0.00869904689976083,False
384,603.44301,60,3,4,4,68,7595.44,7595.44,58.6,126.59066666666666,2531.813333333333,1519.088,68,0.504453650696597,False
385,450.134298,8,1,0,0,8,7595.44,7595.44,58.6,949.43,7595.44,7595.44,8,0.08008925865265405,False
386,1.612399,3,1,0,0,3,7595.44,7595.44,58.6,2531.813333333333,7595.44,7595.44,3,0.0046529374455045605,False
387,453.698623,4,1,0,0,4,7595.44,7595.44,58.6,1898.86,7595.44,7595.44,4,0.046761087381128,False
388,424.697423,9,3,3,3,15,7595.439999999999,7595.44,58.6,843.9377777777777,2531.813333333333,1898.86,15,0.0754123363854003,False
389,0.0,1,1,0,0,1,7595.44,7595.44,58.6,7595.44,7595.44,7595.44,1,0.17856991588749355,False
390,262.018682,14,2,2,2,18,7595.44,7595.44,58.6,542.5314285714286,3797.72,2531.813333333333,18,0.015085825569894453,False
391,1.421804,2,1,0,0,2,7595.44,7595.44,58.6,3797.72,7595.44,7595.44,2,0.009811338528748183,False
392,227.557682,11,2,2,2,15,7595.44,7595.44,58.6,690.4945454545455,3797.72,2531.813333333333,15,0.018207933621702616,False
393,1249.536309,15,2,2,2,19,7595.44,7595.44,58.6,506.36266666666666,3797.72,2531.813333333333,19,0.1578222217187308,False
394,0.0,1,1,0,0,1,7595.44,7595.44,58.6,7595.44,7595.44,7595.44,1,0.17856991588749355,False
395,67.48473,8,4,5,0,13,7595.44,7595.44,58.6,949.43,1898.86,1265.9066666666663,13,0.3034695382418839,False
396,0.0,1,1,0,0,1,7595.44,7595.44,58.6,7595.44,7595.44,7595.44,1,0.17856991588749355,False
397,83.283107,8,3,3,3,14,7595.44,7595.44,58.6,949.43,2531.813333333333,1898.86,14,0.07333247200082763,False
398,217.9851,18,4,4,3,25,7595.439999999999,7595.44,58.6,421.9688888888888,1898.86,1519.0879999999995,25,0.12022083536051793,False
399,323.393778,4,1,0,0,4,7595.44,7595.44,58.6,1898.86,7595.44,7595.44,4,0.031349570201012936,False
400,0.0,1,1,0,0,1,7595.44,7595.44,58.6,7595.44,7595.44,7595.44,1,0.17856991588749355,False
401,3.752422,3,2,1,1,5,7595.44,7595.44,58.6,2531.813333333333,3797.72,3797.72,5,0.01978985443709663,False
402,32.862516,2,2,1,1,4,7595.44,7595.44,58.6,3797.72,3797.72,3797.72,4,0.035443969645837486,False
403,0.0,1,1,0,0,1,7595.44,7595.44,58.6,7595.44,7595.44,7595.44,1,0.17856991588749355,False
404,34.499666,3,1,0,0,3,7595.44,7595.44,58.6,2531.813333333333,7595.44,7595.44,3,0.004681927290080798,False
405,0.0,5,1,0,0,5,7595.44,7595.44,58.6,1519.088,7595.44,7595.44,5,0.017851127289434197,False
406,2.133439,3,2,1,1,5,7595.44,7595.44,58.6,2531.813333333333,3797.72,3797.72,5,0.019835635752172502,False
407,0.0,1,1,0,0,1,7595.44,7595.44,58.6,7595.44,7595.44,7595.44,1,0.17856991588749355,False
408,0.0,1,1,0,0,1,7595.44,7595.44,58.6,7595.44,7595.44,7595.44,1,0.17856991588749355,False
409,701.063029,18,4,3,3,24,7595.439999999999,7595.44,58.6,421.9688888888888,1898.86,1898.86,24,0.14019280847245932,False
410,0.0,2,1,0,0,2,7595.44,7595.44,58.6,3797.72,7595.44,7595.44,2,0.00989646072735617,False
411,61.880671,10,1,0,0,10,7595.44,7595.44,58.6,759.544,7595.44,7595.44,10,0.04721251391227292,False
412,0.0,3,2,1,1,5,7595.44,7595.44,58.6,2531.813333333333,3797.72,3797.72,5,0.01989693485964414,False
413,1.848011,6,1,0,0,6,7595.44,7595.44,58.6,1265.9066666666663,7595.44,7595.44,6,0.022855922512436785,False
414,10.090053,4,1,0,0,4,7595.44,7595.44,58.6,1898.86,7595.44,7595.44,4,0.011461594432618178,False
415,45.096303,10,2,1,1,12,7595.44,7595.44,58.6,759.544,3797.72,3797.72,12,0.01051569874194823,False
416,858.214808,106,4,5,5,116,7595.44,7595.44,58.6,71.65509433962265,1898.86,1265.9066666666668,116,2.411487754494875,True
417,0.0,2,1,0,0,2,7595.44,7595.44,58.6,3797.72,7595.44,7595.44,2,0.00989646072735617,False
418,27.930372,4,1,0,0,4,7595.44,7595.44,58.6,1898.86,7595.44,7595.44,4,0.011942979573701672,False
419,1925.336369,66,2,4,4,74,7595.44,7595.44,58.6,115.08242424242424,3797.72,1519.088,74,0.9196493441876822,True
420,0.0,3,1,0,0,3,7595.44,7595.44,58.6,2531.813333333333,7595.44,7595.44,3,0.004658391039865781,False
421,197.274209,8,1,0,0,8,7595.44,7595.44,58.6,949.43,7595.44,7595.44,8,0.047188689813955756,False
422,97.44955,17,4,3,3,23,7595.44,7595.44,58.6,446.7905882352941,1898.86,1898.86,23,0.12469075150908886,False
423,29.577131,15,3,7,7,29,7595.44,7595.44,58.6,506.36266666666666,2531.813333333333,949.43,29,0.19455022964449992,False
424,0.408146,2,1,0,0,2,7595.44,7595.44,58.6,3797.72,7595.44,7595.44,2,0.00987196917202384,False
425,383.403237,2,1,0,0,2,7595.44,7595.44,58.6,3797.72,7595.44,7595.44,2,0.005950714046863224,False
